"Sentence information related to the criminal dockets disposed from 1/1/2018 through 8/31/2022 with one of the specified case dispositions or one of the requested Official Docket Entries filed from 1/1/2018 through 8/31/2022, as recorded in the Common Pleas Case Management System (CPCMS).",,,,,,,,,,,,,,,,
Docket Number,Offense Sequence Number,Sentence Type,Sentence Date,Sentence Period,Program Type,Effective Sentence Date,Min Years,Min Months,Min Days,Min Hours,Max Years,Max Months,Max Days,Max Hours,Credit For Time Served,Sentencing Judge
CP-67-CR-0006534-2016,4,Confinement,4/27/2021,Other,State,4/27/2021,0,30,0,0,0,60,0,0,1552,"Musti Cook, Maria"
CP-45-CR-0001508-2016,1,Probation,2/14/2022,2 Years,County Regular Probation,,2,0,0,0,2,0,0,0,1390,"Sibum, Jennifer Harlacher"
CP-06-CR-0000255-2018,1,Confinement,6/11/2021,9 - 23 months,County Jail,6/11/2021,0,9,0,0,0,23,0,0,1263,"Parisi, Thomas G."
CP-23-CR-0001653-2016,1,Confinement,12/20/2018,6-23 Months,County Jail,,0,6,0,0,0,23,0,0,976,"Coll, Michael F."
CP-06-CR-0005515-2018,3,Confinement,7/29/2021,2 1/2 - 5 years,State,7/29/2021,2,6,0,0,5,0,0,0,973,"Yatron, Paul"
CP-06-CR-0002842-2017,3,Confinement,12/9/2019,Other,State,12/9/2019,20,0,0,0,40,0,0,0,946,"Johnson, M. Theresa"
CP-65-CR-0001151-2020,1,Confinement,8/2/2022,Other,County Jail,,0,4,0,0,0,23,0,0,923,"Feliciani, Christopher A."
CP-36-CR-0002667-2021,1,Confinement,8/4/2022,Other,State,3/9/2020,0,18,0,0,0,36,0,0,879,"Reinaker, Dennis E."
CP-06-CR-0001261-2019,1,Confinement,4/28/2021,Other,State,4/28/2021,0,0,863,0,7,0,0,0,863,"Johnson, M. Theresa"
CP-65-CR-0000414-2018,1,Confinement,12/17/2019,2 - 4 Years,State,12/17/2019,2,0,0,0,4,0,0,0,846,"Krieger, Timothy"
CP-23-CR-0002438-2010,6,Confinement,5/17/2017,24-48 Months,State,,0,24,0,0,0,48,0,0,724,"Coll, Michael F."
CP-40-CR-0002823-2018,1,Confinement,8/24/2022,Other,County Jail,,0,6,0,0,0,24,0,0,676,"Sklarosky, Joseph F. Jr."
CP-06-CR-0003827-2016,2,Confinement,5/30/2019,11 1/2 - 23 months,County Jail,5/30/2019,0,11,15,0,0,23,0,0,674,"Parisi, Thomas G."
CP-28-CR-0001447-2020,1,Confinement,10/29/2020,Other,County Jail,10/29/2020,0,0,613,0,0,23,0,0,613,"Sponseller, Todd M."
CP-14-CR-0001231-2017,3,Confinement,5/10/2019,Other,County Jail,,0,10,0,0,0,20,0,0,612,"Marshall, Brian K."
CP-65-CR-0001489-2020,3,Confinement,11/8/2021,Other,County Jail,,0,0,0,0,0,23,0,0,585,"Feliciani, Christopher A."
CP-23-CR-0004018-2019,1,Confinement,9/18/2020,11 1/2 - 23 Months,County Jail,,0,11,15,0,0,23,0,0,542,"Osborne, Ann"
CP-06-CR-0002585-2017,1,Confinement,4/16/2019,1 - 5 years,County Jail,4/16/2019,1,0,0,0,5,0,0,0,535,"Geishauser, Eleni Dimitriou"
CP-06-CR-0004591-2017,1,Confinement,4/16/2019,9 - 23 months,County Jail,4/16/2019,0,9,0,0,0,23,0,0,526,"Geishauser, Eleni Dimitriou"
CP-23-CR-0000918-2020,1,Confinement,4/30/2021,Other,State,,6,6,0,0,18,0,0,0,509,"Osborne, Ann"
CP-06-CR-0000841-2021,1,Confinement,9/27/2022,Other,State,9/27/2022,0,12,0,0,0,72,0,0,492,"Barrett, Patrick T."
CP-06-CR-0002124-2021,1,Confinement,9/27/2022,Other,State,9/27/2022,0,12,0,0,0,72,0,0,492,"Barrett, Patrick T."
CP-58-CR-0000264-2016,2,Confinement,11/9/2017,Other,County Jail,,0,6,0,0,0,23,15,0,457,"Legg, Jason J."
CP-23-CR-0004165-2017,5,Confinement,10/30/2020,Other,County Jail,,0,0,0,0,0,23,0,0,456,"Osborne, Ann"
CP-06-CR-0002303-2018,1,Confinement,5/15/2019,11 1/2 - 23 months,County Jail,5/15/2019,0,11,15,0,0,23,0,0,447,"Parisi, Thomas G."
CP-23-CR-0002438-2010,5,Confinement,1/26/2016,Other,County Jail,,0,0,0,0,0,12,0,0,418,"Nilon, James F. Jr."
CP-06-CR-0002206-2020,1,Confinement,5/3/2021,6 - 23 months,County Jail,5/3/2021,0,6,0,0,0,23,0,0,412,"Parisi, Thomas G."
CP-23-CR-0003562-2018,1,Confinement,11/21/2019,9-24 Months,State,,0,0,0,0,0,0,0,0,412,"Pagano, George A."
CP-06-CR-0001876-2021,1,Confinement,7/13/2022,Other,County Jail,7/13/2022,11,6,0,0,23,0,0,0,405,"Johnson, M. Theresa"
CP-23-CR-0001372-2011,2,Confinement,2/24/2012,Other,State,,0,240,0,0,0,480,0,0,400,"Nilon, James F. Jr."
CP-23-CR-0006766-2018,2,Confinement,11/23/2021,Other,County Jail,,0,0,0,0,0,6,0,0,395,"Pileggi, Dominic F."
CP-14-CR-0001076-2018,4,Confinement,6/16/2022,Other,County Jail,6/15/2022,0,0,195,0,0,0,390,0,391,"Grine, Jonathan D."
CP-32-CR-0000796-2021,1,Confinement,9/2/2022,Other,Diagnostic Classification Center,9/2/2022,0,15,0,0,5,0,0,0,390,"Force, Gina R."
CP-23-CR-0004549-2013,2,Confinement,10/29/2013,Other,State,,0,21,0,0,0,48,0,0,385,"Kelly, Kevin F."
CP-23-CR-0005119-2021,1,Confinement,4/19/2022,Other,County Jail,,1,0,19,0,0,23,0,0,384,"Bradley, James P."
CP-23-CR-0004103-2005,3,Confinement,5/4/2006,Other,State,,2.5,0,0,0,5,0,0,0,378,"Dozor, Barry C."
CP-06-CR-0000596-2020,1,Confinement,5/3/2021,Other,County Jail,5/3/2021,0,0,182,0,0,12,0,0,370,"Parisi, Thomas G."
CP-06-CR-0000598-2020,1,Confinement,5/3/2021,Other,County Jail,5/3/2021,0,0,182,0,0,12,0,0,370,"Parisi, Thomas G."
CP-23-CR-0003282-2019,4,Confinement,9/28/2020,12 Months Less 1 Day - 24 Months Less 1 Day,County Jail,,0,11,29,0,0,23,29,0,366,"Cappelli, Richard M."
CP-06-CR-0006154-2017,1,Confinement,1/14/2019,6 - 12 months,County Jail,1/14/2019,0,6,0,0,0,12,0,0,365,"Barrett, Patrick T."
CP-40-CR-0003276-2018,1,Confinement,8/24/2022,Other,County Jail,,0,6,0,0,0,12,0,0,365,"Sklarosky, Joseph F. Jr."
CP-14-CR-0001761-2018,6,Confinement,10/8/2019,11 1/2 Months to 23 1/2 Months,County Jail,10/8/2019,0,11,15,0,1,11,15,0,363,"Marshall, Brian K."
CP-23-CR-0005522-2018,1,Confinement,12/17/2019,6-12 Months,County Jail,,0,6,0,0,0,12,0,0,362,"Coll, Michael F."
CP-23-CR-0007377-2019,1,Confinement,10/23/2020,18-36 Months,State,,0,18,0,0,0,36,0,0,352,"Osborne, Ann"
CP-06-CR-0002208-2020,1,Confinement,5/3/2021,Other,County Jail,5/3/2021,0,0,182,0,0,12,0,0,349,"Parisi, Thomas G."
CP-23-CR-0006880-2018,2,Confinement,9/17/2021,Other,County Jail,,0,0,0,0,0,12,0,0,332,"Kelly, Kevin F."
CP-23-CR-0002438-2010,1,Confinement,3/30/2011,Other,County Jail,,0,0,0,0,0,23,0,0,322,"Nilon, James F. Jr."
CP-06-CR-0000729-2018,3,Confinement,12/6/2019,Other,County Jail,12/6/2019,0,0,319,0,0,12,0,0,319,"Parisi, Thomas G."
CP-06-CR-0000729-2018,3,Confinement,6/8/2020,Other,County Jail,12/6/2019,0,0,319,0,0,12,0,0,319,"Parisi, Thomas G."
CP-06-CR-0003352-2018,1,Confinement,5/1/2019,Other,County Jail,5/1/2019,0,0,315,0,0,23,0,0,315,"Parisi, Thomas G."
CP-23-CR-0007335-2016,1,Confinement,2/23/2017,12 Months Less 1 Day - 24 Months Less 1 Day,County Jail,,0,11,29,0,0,23,29,0,315,"Bradley, James P."
CP-23-CR-0001614-2012,1,Confinement,1/25/2021,Other,County Jail,,0,0,0,0,0,23,0,0,314,"Amoroso, Margaret J."
CP-23-CR-0002088-2019,2,Confinement,9/26/2019,Other,County Jail,,0,0,0,0,0,23,0,0,300,"Coll, Michael F."
CP-23-CR-0000663-2019,4,Confinement,5/24/2022,Other,County Jail,,0,0,292,0,0,12,0,0,292,"Bradley, James P."
CP-23-CR-0004124-2014,1,Confinement,6/13/2018,Other,County Jail,,0,0,0,0,0,23,0,0,291,"Coll, Michael F."
CP-23-CR-0000001-2019,1,Confinement,7/3/2019,Other,County Jail,,0,0,0,0,0,23,0,0,285,"Coll, Michael F."
CP-23-CR-0002190-2019,1,Confinement,4/20/2021,1-2 Years,County Jail,,1,0,0,0,2,0,0,0,285,"Capuzzi, John P. Sr."
CP-23-CR-0003696-2021,1,Confinement,4/19/2022,9-23 Months,County Jail,,0,9,0,0,0,23,0,0,263,"Bradley, James P."
CP-23-CR-0000462-2021,1,Confinement,8/24/2021,Other,County Jail,,0,0,0,0,0,23,0,0,257,"Capuzzi, John P. Sr."
CP-23-CR-0007068-2019,2,Confinement,7/8/2020,6-12 Months,County Jail,,0,6,0,0,0,12,0,0,253,"Kelly, Kevin F."
CP-23-CR-0001181-2014,1,Confinement,1/10/2019,Other,State,,0,18,0,0,0,120,0,0,251,"Coll, Michael F."
CP-23-CR-0001614-2012,1,Confinement,5/16/2012,Other,County Jail,,0,0,0,0,0,23,0,0,250,"Mallon, Gregory M."
CP-23-CR-0000169-2017,1,Confinement,5/21/2021,Other,County Jail,,0,0,0,0,0,23,0,0,245,"Osborne, Ann"
CP-06-CR-0000063-2022,2,Confinement,8/31/2022,Other,County Jail,8/31/2022,0,0,237,0,0,23,0,0,237,"Johnson, M. Theresa"
CP-06-CR-0001936-2019,1,Confinement,12/5/2019,Other,County Jail,12/5/2019,0,0,232,0,0,23,0,0,232,"Barrett, Patrick T."
CP-06-CR-0001936-2019,2,Confinement,12/5/2019,Other,County Jail,12/5/2019,0,0,232,0,0,23,0,0,232,"Barrett, Patrick T."
CP-23-CR-0002073-2018,1,Confinement,3/27/2019,4-23 Months,County Jail,,0,4,0,0,0,23,0,0,232,"Coll, Michael F."
CP-46-CR-0004180-2018,1,Confinement,1/16/2019,Other,County Jail,1/16/2019,,11,15,0,,23,0,0,226,"Tolliver, Steven C."
CP-46-CR-0004180-2018,107,Confinement,1/16/2019,Other,County Jail,1/16/2019,,11,15,0,,23,0,0,226,"Tolliver, Steven C."
CP-46-CR-0006939-2018,1,Confinement,1/16/2019,Other,County Jail,1/16/2019,0,11,15,0,0,23,0,0,226,"Tolliver, Steven C."
CP-46-CR-0006939-2018,16,Confinement,1/16/2019,Other,County Jail,1/16/2019,,11,15,0,,23,0,0,226,"Tolliver, Steven C."
CP-06-CR-0003466-2021,3,Confinement,5/12/2022,Other,County Jail,5/12/2022,0,0,220,0,0,23,0,0,220,"Yatron, Paul"
CP-23-CR-0004701-2010,1,Confinement,12/16/2010,Other,State,,3,0,0,0,7,0,0,0,197,"Coll, Michael F."
CP-06-CR-0001603-2016,1,Confinement,6/30/2016,Other,County Jail,6/30/2016,0,0,176,0,0,23,0,0,176,"Johnson, M. Theresa"
CP-23-CR-0004178-2019,5,Confinement,11/14/2019,Other,County Jail,,0,0,0,0,0,12,0,0,165,"Coll, Michael F."
CP-06-CR-0002782-2019,1,Confinement,12/5/2019,Other,County Jail,12/5/2019,0,0,164,0,0,23,0,0,164,"Barrett, Patrick T."
CP-23-CR-0006457-2013,1,Confinement,12/16/2013,8-23 Months,County Jail,,0,8,0,0,0,23,0,0,161,"Pagano, George A."
CP-23-CR-0005200-2018,1,Confinement,9/18/2020,Other,County Jail,,0,0,0,0,0,0,165,0,157,"Osborne, Ann"
CP-23-CR-0002020-2014,5,Confinement,7/29/2014,Other,County Jail,,0,0,0,0,0,23,0,0,155,"Coll, Michael F."
CP-23-CR-0001387-2020,1,Confinement,9/18/2020,Other,County Jail,,0,0,0,0,0,23,0,0,128,"Osborne, Ann"
CP-23-CR-0002367-2019,1,Confinement,8/22/2019,Other,County Jail,,0,0,0,0,0,12,0,0,128,"Coll, Michael F."
CP-23-CR-0004103-2005,3,Confinement,7/10/2012,Other,State,,2,6,0,0,5,0,0,0,128,"Dozor, Barry C."
CP-06-CR-0000729-2018,4,Confinement,6/8/2020,5 - 23 months,County Jail,6/8/2020,0,5,0,0,0,23,0,0,123,"Parisi, Thomas G."
CP-65-CR-0003207-2019,2,Confinement,11/15/2019,4 - 23 Months,County Jail,,0,4,0,0,0,23,0,0,123,"McCormick, Richard E. Jr."
CP-65-CR-0003207-2019,3,Confinement,11/15/2019,4 - 23 Months,County Jail,,0,4,0,0,0,23,0,0,123,"McCormick, Richard E. Jr."
CP-06-CR-0001830-2021,2,Confinement,7/19/2022,72 hrs - 6 months,County Jail,7/19/2022,0,0,0,72,0,6,0,0,120,"Lillis, James M."
CP-06-CR-0004358-2021,1,Confinement,5/18/2022,Other,County Jail,5/18/2022,0,4,0,0,0,11,15,0,120,"Eby, Robert J."
CP-23-CR-0002292-2018,2,Confinement,9/24/2021,Other,County Jail,,0,0,0,0,1,0,0,0,110,"Kelly, Kevin F."
CP-23-CR-0006364-2019,1,Confinement,2/14/2022,6-23 Months,County Jail,,0,6,0,0,0,23,0,0,108,"Scanlon, Anthony D."
CP-23-CR-0002627-2011,1,Confinement,7/6/2011,Other,County Jail,,0,0,0,0,0,23,0,0,101,"Coll, Michael F."
CP-46-CR-0004496-2016,3,Confinement,4/5/2021,Other,County Jail,4/5/2021,0,0,84,0,,23,0,0,84,"Demchick-Alloy, Wendy"
CP-23-CR-0001191-2017,2,Confinement,4/4/2017,Other,County Jail,,0,0,0,0,0,23,0,0,79,"Bradley, James P."
CP-06-CR-0004358-2021,2,Confinement,5/18/2022,Other,County Jail,,0,4,0,0,0,11,15,0,70,"Eby, Robert J."
CP-23-CR-0004823-2017,1,Confinement,4/16/2019,Other,County Jail,,0,0,0,0,0,12,0,0,70,"Cappelli, Richard M."
CP-23-CR-0007968-2014,1,Confinement,2/2/2015,Other,County Jail,,0,0,0,0,0,23,0,0,64,"Mallon, Gregory M."
CP-23-CR-0007968-2014,1,Confinement,9/27/2016,Other,County Jail,,0,0,0,0,0,0,629,0,64,"Mallon, Gregory M."
CP-23-CR-0003783-2017,2,Confinement,8/7/2017,3-23 Months,County Jail,,0,3,0,0,0,23,0,0,57,"Scanlon, Anthony D."
CP-06-CR-0000849-2018,1,Confinement,4/6/2020,Other,County Jail,4/6/2020,0,0,53,0,0,23,0,0,53,"Johnson, M. Theresa"
CP-23-CR-0006966-2005,6,Confinement,7/28/2009,Other,County Jail,,0,0,0,0,0,23,0,0,43,"Kelly, Kevin F."
CP-06-CR-0003085-2019,3,Confinement,10/26/2021,Other,County Jail,10/26/2021,0,0,42,0,0,23,0,0,42,"Johnson, M. Theresa"
CP-23-CR-0006194-2017,1,Confinement,4/10/2018,Other,County Jail,,0,0,0,0,0,23,0,0,38,"Coll, Michael F."
CP-23-CR-0001472-2016,1,Confinement,6/14/2016,Other,County Jail,,0,0,0,0,0,6,0,0,31,"Coll, Michael F."
CP-06-CR-0001808-2018,1,Confinement,3/13/2019,Other,County Jail,3/13/2019,0,0,26,0,0,12,0,0,26,"Barrett, Patrick T."
CP-23-CR-0004759-2013,4,Confinement,8/17/2020,Other,County Jail,,0,0,0,0,0,12,0,0,24,"Bradley, James P."
CP-23-CR-0000547-2015,1,Confinement,11/25/2015,Other,County Jail,,0,0,0,0,0,23,0,0,21,"Durham, Kathrynann W."
CP-23-CR-0000481-2018,3,Confinement,6/29/2020,Other,County Jail,,0,0,0,0,0,0,0,0,13,"Brennan, Mary Alice"
CP-23-CR-0001146-2021,1,Confinement,3/22/2021,6-23 Months,County Jail,,0,6,0,0,0,23,0,0,12,"Capuzzi, John P. Sr."
CP-28-CR-0000157-2020,1,Confinement,2/12/2020,Other,County Jail,2/12/2020,0,7,0,0,0,23,29,0,1,"Krom, Angela R."
CP-06-CR-0000848-2018,1,Probation,5/15/2019,2 years,County Regular Probation,,0,0,0,0,2,0,0,0,0,"Parisi, Thomas G."
CP-06-CR-0005306-2004,1,Probation,11/29/2005,5 years,County Regular Probation,,0,0,0,0,5,0,0,0,0,"Ludgate, Linda K.M."
CP-06-CR-0005306-2004,1,Probation,6/19/2012,5 years,County Regular Probation,,0,0,0,0,5,0,0,0,0,"Ludgate, Linda K.M."
CP-23-CR-0000070-2016,6,Probation,5/21/2020,6 Months,County Regular Probation,,0,0,0,0,0,6,0,0,0,"Scanlon, Anthony D."
CP-23-CR-0000130-2017,2,Confinement,8/15/2017,Other,County Jail,,0,0,0,0,0,0,474,0,0,"Cappelli, Richard M."
CP-23-CR-0000361-2021,4,Probation,11/23/2021,1 Year,County Regular Probation,,0,0,0,0,1,0,0,0,0,"Pileggi, Dominic F."
CP-23-CR-0000746-2018,1,Probation,12/11/2018,1 Year,County Regular Probation,12/11/2018,0,0,0,0,1,0,0,0,0,"Coll, Michael F."
CP-23-CR-0001008-2018,1,Confinement,10/23/2019,Other,County Jail,,0,0,0,0,0,0,458,0,0,"Capuzzi, John P. Sr."
CP-23-CR-0001522-2020,3,Probation,10/30/2020,2 Years,County Regular Probation,,0,0,0,0,2,0,0,0,0,"Osborne, Ann"
CP-23-CR-0001614-2012,1,Probation,5/16/2012,3 Years,County Regular Probation,,0,0,0,0,3,0,0,0,0,"Mallon, Gregory M."
CP-23-CR-0001614-2012,1,Probation,8/22/2017,3 Years,County Regular Probation,,0,0,0,0,3,0,0,0,0,"Mallon, Gregory M."
CP-23-CR-0002141-2016,1,Confinement,9/10/2019,Other,County Jail,,0,0,0,0,0,0,430,0,0,"Coll, Michael F."
CP-23-CR-0002223-2019,1,Confinement,4/20/2020,Other,County Jail,,0,1,0,0,0,2,0,0,0,"Brennan, Mary Alice"
CP-23-CR-0002387-2016,1,Confinement,11/22/2016,Other,State,,6,0,0,0,20,0,0,0,0,"Pagano, George A."
CP-23-CR-0002438-2010,2,Probation,3/30/2011,1 Year,County Regular Probation,,0,0,0,0,1,0,0,0,0,"Nilon, James F. Jr."
CP-23-CR-0002438-2010,3,Probation,3/30/2011,1 Year,County Regular Probation,,0,0,0,0,1,0,0,0,0,"Nilon, James F. Jr."
CP-23-CR-0002438-2010,4,Probation,3/30/2011,1 Year,County Regular Probation,,0,0,0,0,1,0,0,0,0,"Nilon, James F. Jr."
CP-23-CR-0002438-2010,5,Probation,3/30/2011,1 Year,County Regular Probation,,0,0,0,0,1,0,0,0,0,"Nilon, James F. Jr."
CP-23-CR-0002438-2010,6,Probation,3/30/2011,1 Year,County Regular Probation,,0,0,0,0,1,0,0,0,0,"Nilon, James F. Jr."
CP-23-CR-0002438-2010,6,Probation,1/26/2016,1 Year,County Regular Probation,,0,0,0,0,1,0,0,0,0,"Nilon, James F. Jr."
CP-23-CR-0002438-2010,7,Probation,3/30/2011,1 Year,County Regular Probation,,0,0,0,0,1,0,0,0,0,"Nilon, James F. Jr."
CP-23-CR-0002438-2010,7,Probation,1/26/2016,1 Year,County Regular Probation,,0,0,0,0,1,0,0,0,0,"Nilon, James F. Jr."
CP-23-CR-0002438-2010,8,Probation,3/30/2011,1 Year,County Regular Probation,,0,0,0,0,1,0,0,0,0,"Nilon, James F. Jr."
CP-23-CR-0002592-2018,1,Probation,6/26/2018,30 days,County Regular Probation,,0,0,0,0,0,0,30,0,0,"Coll, Michael F."
CP-23-CR-0002627-2011,2,Probation,7/6/2011,1 Year,County Regular Probation,,0,0,0,0,1,0,0,0,0,"Coll, Michael F."
CP-23-CR-0003292-2019,1,Confinement,10/9/2019,Other,County Jail,,0,0,0,0,0,23,0,0,0,"Coll, Michael F."
CP-23-CR-0003562-2018,1,Confinement,1/13/2020,9-23 Months,County Jail,,0,9,0,0,0,23,0,0,0,"Pagano, George A."
CP-23-CR-0003562-2018,1,Probation,1/13/2020,1 Year,County Regular Probation,,0,0,0,0,1,0,0,0,0,"Pagano, George A."
CP-23-CR-0004103-2005,3,Probation,5/4/2006,Other,State (PBPP) Regular Probation,,0,0,0,0,5,0,0,0,0,"Dozor, Barry C."
CP-23-CR-0004103-2005,3,Probation,7/10/2012,Other,State (PBPP) Regular Probation,,0,0,0,0,5,0,0,0,0,"Dozor, Barry C."
CP-23-CR-0004701-2010,1,Probation,12/16/2010,3 Years,State (PBPP) Regular Probation,,0,0,0,0,3,0,0,0,0,"Coll, Michael F."
CP-23-CR-0004701-2010,1,Confinement,11/4/2019,10-23 Months,State,,0,10,0,0,0,23,0,0,0,"Cappelli, Richard M."
CP-23-CR-0004701-2010,2,Confinement,12/16/2010,Other,State,,3,0,0,0,7,0,0,0,0,"Coll, Michael F."
CP-23-CR-0004701-2010,2,Probation,12/16/2010,3 Years,State (PBPP) Regular Probation,,0,0,0,0,3,0,0,0,0,"Coll, Michael F."
CP-23-CR-0004701-2010,2,Probation,11/4/2019,3 Years,State (PBPP) Regular Probation,,0,0,0,0,3,0,0,0,0,"Cappelli, Richard M."
CP-23-CR-0004759-2013,4,Probation,3/27/2019,1 Year,County Regular Probation,,0,0,0,0,1,0,0,0,0,"Coll, Michael F."
CP-23-CR-0005276-2019,1,Confinement,7/8/2020,9-23 Months,County Jail,,0,9,0,0,0,23,0,0,0,"Kelly, Kevin F."
CP-23-CR-0005277-2019,7,Confinement,2/5/2020,6-12 Months,County Jail,,0,6,0,0,0,12,0,0,0,"Osborne, Ann"
CP-23-CR-0006508-1986,1,Confinement,6/22/1987,Life,State,,0,0,0,0,0,0,0,0,0,"Toal, William R. Jr."
CP-23-CR-0006508-1986,1,Confinement,12/17/2019,48 Years to Life,State,,0,0,0,0,0,0,0,0,0,"Cappelli, Richard M."
CP-23-CR-0006508-1986,7,Confinement,6/22/1987,10-20 Years,State,,10,0,0,0,20,0,0,0,0,"Toal, William R. Jr."
CP-23-CR-0006966-2005,4,Probation,7/28/2009,2 Years,County Regular Probation,,0,0,0,0,2,0,0,0,0,"Kelly, Kevin F."
CP-23-CR-0006966-2005,4,Confinement,9/8/2022,Other,County Jail,,0,0,0,0,0,23,0,0,0,"Bradley, James P."
CP-23-CR-0007321-2017,2,Confinement,10/16/2020,Other,County Jail,,0,0,0,0,0,0,507,0,0,"Cappelli, Richard M."
CP-23-CR-0007407-2019,7,Probation,8/14/2020,1 Year,County Regular Probation,,0,0,0,0,1,0,0,0,0,"Pileggi, Dominic F."
CP-23-CR-0007514-2016,1,Probation,1/10/2019,2 Years,County Regular Probation,,0,0,0,0,2,0,0,0,0,"Coll, Michael F."
CP-23-CR-0007514-2016,1,Probation,2/4/2020,2 Years,County Regular Probation,,0,0,0,0,2,0,0,0,0,"Amoroso, Margaret J."
CP-23-CR-0007734-2013,1,Probation,3/10/2014,Other,State (PBPP) Regular Probation,,0,0,0,0,0,16,0,0,0,"Coll, Michael F."
CP-23-CR-0007734-2013,2,Probation,3/10/2014,Other,State (PBPP) Regular Probation,,0,0,0,0,0,4,0,0,0,"Coll, Michael F."
CP-23-CR-0007968-2014,1,Confinement,9/10/2019,Other,County Jail,,0,0,0,0,0,0,377,0,0,"Coll, Michael F."
CP-48-CR-0001817-2010,2,Probation,10/22/2010,Other,County Regular Probation,,0,0,0,0,0,12,0,0,0,"Zito, Leonard N."
CP-48-CR-0001817-2010,2,Confinement,12/2/2011,Other,State,12/2/2011,0,12,0,0,0,24,0,0,0,"Zito, Leonard N."
CP-48-CR-0001817-2010,2,Probation,12/2/2011,Other,State (PBPP) Regular Probation,,0,0,0,0,0,24,0,0,0,"Zito, Leonard N."
CP-48-CR-0001817-2010,3,Confinement,10/22/2010,Other,County Jail,,0,6,0,0,0,23,0,0,0,"Zito, Leonard N."
CP-48-CR-0001817-2010,3,Confinement,12/2/2011,Balance of Sentence,State,12/2/2011,0,0,0,0,0,0,0,0,0,"Zito, Leonard N."
CP-06-CR-0000255-2018,1,Probation,6/11/2021,3 years,County Regular Probation,,0,0,0,0,3,0,0,0,,"Parisi, Thomas G."
CP-06-CR-0000729-2018,3,Probation,4/4/2019,2 years,County Regular Probation,4/4/2019,0,0,0,0,2,0,0,0,,"Parisi, Thomas G."
CP-06-CR-0000729-2018,4,Probation,4/4/2019,2 years,County Regular Probation,,0,0,0,0,2,0,0,0,,"Parisi, Thomas G."
CP-06-CR-0000729-2018,4,Probation,12/6/2019,2 years,County Regular Probation,,0,0,0,0,2,0,0,0,,"Parisi, Thomas G."
CP-06-CR-0000849-2018,1,Probation,5/15/2019,2 years,County Regular Probation,,0,0,0,0,2,0,0,0,,"Parisi, Thomas G."
CP-06-CR-0001603-2016,1,Probation,6/30/2016,3 years,County Regular Probation,,0,0,0,0,3,0,0,0,,"Johnson, M. Theresa"
CP-06-CR-0001808-2018,1,Probation,1/14/2019,1 year,County Regular Probation,,1,0,0,0,1,0,0,0,,"Barrett, Patrick T."
CP-06-CR-0001830-2021,5,No Further Penalty,7/19/2022,,,,,,,,,,,,,"Lillis, James M."
CP-06-CR-0001830-2021,6,No Further Penalty,7/19/2022,,,,,,,,,,,,,"Lillis, James M."
CP-06-CR-0001856-2017,1,No Further Penalty,1/14/2019,,,,,,,,,,,,,"Barrett, Patrick T."
CP-06-CR-0001958-2018,1,Probation,5/15/2019,2 years,County Regular Probation,,0,0,0,0,2,0,0,0,,"Parisi, Thomas G."
CP-06-CR-0002125-2021,1,Probation,9/27/2022,4 years,County Regular Probation,,0,0,0,0,4,0,0,0,,"Barrett, Patrick T."
CP-06-CR-0002206-2020,1,Probation,5/3/2021,3 years,County Regular Probation,,0,0,0,0,3,0,0,0,,"Parisi, Thomas G."
CP-06-CR-0002207-2020,2,Probation,5/3/2021,3 years,County Regular Probation,,0,0,0,0,3,0,0,0,,"Parisi, Thomas G."
CP-06-CR-0002386-2019,1,Probation,3/10/2021,1 year,County Regular Probation,,1,0,0,0,1,0,0,0,,"Johnson, M. Theresa"
CP-06-CR-0002386-2019,2,No Further Penalty,3/10/2021,,,,,,,,,,,,,"Johnson, M. Theresa"
CP-06-CR-0002842-2017,6,Confinement,12/9/2019,Other,State,,10,0,0,0,20,0,0,0,,"Johnson, M. Theresa"
CP-06-CR-0003085-2019,3,Probation,3/10/2021,3 years,County Regular Probation,3/10/2021,0,0,0,0,3,0,0,0,,"Johnson, M. Theresa"
CP-06-CR-0003385-2021,1,Probation,5/18/2022,2 years,County Regular Probation,,0,0,0,0,2,0,0,0,,"Eby, Robert J."
CP-06-CR-0003386-2021,1,Probation,5/18/2022,2 years,County Regular Probation,,0,0,0,0,2,0,0,0,,"Eby, Robert J."
CP-06-CR-0003453-2021,1,Probation,7/13/2022,3 years,County Regular Probation,,0,0,0,0,3,0,0,0,,"Johnson, M. Theresa"
CP-06-CR-0003453-2021,4,No Further Penalty,7/13/2022,,,,,,,,,,,,,"Johnson, M. Theresa"
CP-06-CR-0003827-2016,2,Probation,5/30/2019,3 years,County Regular Probation,,0,0,0,0,3,0,0,0,,"Parisi, Thomas G."
CP-06-CR-0004591-2017,1,Probation,4/16/2019,3 years,County Regular Probation,,0,0,0,0,3,0,0,0,,"Geishauser, Eleni Dimitriou"
CP-06-CR-0004631-2015,2,Probation,1/12/2016,2 years,County Regular Probation,1/12/2016,0,0,0,0,2,0,0,0,,"Yatron, Paul"
CP-06-CR-0004631-2015,3,Probation,1/12/2016,1 year,County Regular Probation,,1,0,0,0,1,0,0,0,,"Yatron, Paul"
CP-06-CR-0005515-2018,4,Probation,7/29/2021,5 years,State (PBPP) Regular Probation,,0,0,0,0,5,0,0,0,,"Yatron, Paul"
CP-06-CR-0005702-2017,1,Probation,1/14/2019,1 year,County Regular Probation,,1,0,0,0,1,0,0,0,,"Barrett, Patrick T."
CP-06-CR-0005702-2017,2,Probation,1/14/2019,1 year,County Regular Probation,,1,0,0,0,1,0,0,0,,"Barrett, Patrick T."
CP-07-CR-0001203-2020,1,No Further Penalty,3/24/2021,,,,,,,,,,,,,"Kagarise, Wade A."
CP-07-CR-0002394-2019,1,Confinement,7/24/2020,Other,County Jail,,0,0,0,0,0,12,0,0,,"Doyle, Elizabeth"
CP-07-CR-0002395-2019,1,Confinement,7/24/2020,Other,County Jail,,0,0,0,0,0,12,0,0,,"Doyle, Elizabeth"
CP-07-CR-0002490-2021,1,No Further Penalty,9/16/2022,,,,,,,,,,,,,"Doyle, Elizabeth"
CP-11-CR-0000044-2022,6,Probation,8/9/2022,Other,County Regular Probation,,0,0,0,0,0,24,0,0,,"Krumenacker, Norman"
CP-11-CR-0000044-2022,7,Confinement,8/9/2022,Other,County Jail,,0,8,0,0,0,24,0,0,,"Krumenacker, Norman"
CP-11-CR-0000070-2020,3,Probation,5/5/2021,Other,County Regular Probation,,0,0,0,0,0,24,0,0,,"Krumenacker, Norman"
CP-11-CR-0000488-2020,2,Probation,5/5/2021,Other,County Regular Probation,,0,0,0,0,0,12,0,0,,"Krumenacker, Norman"
CP-11-CR-0000937-2019,4,Probation,5/18/2020,Other,County Regular Probation,,0,0,0,0,0,24,0,0,,"Krumenacker, Norman"
CP-14-CR-0000759-2018,1,Probation,10/14/2019,1 year,County Regular Probation,,1,0,0,0,1,0,0,0,,"Marshall, Brian K."
CP-14-CR-0000967-2018,1,Probation,10/14/2019,1 year,County Regular Probation,,1,0,0,0,1,0,0,0,,"Marshall, Brian K."
CP-14-CR-0001076-2018,5,Probation,6/16/2022,2 years,County Regular Probation,,2,0,0,0,2,0,0,0,,"Grine, Jonathan D."
CP-14-CR-0001761-2018,4,Probation,10/8/2019,2 years,County Regular Probation,,2,0,0,0,2,0,0,0,,"Marshall, Brian K."
CP-14-CR-0001761-2018,5,Probation,10/8/2019,2 years,County Regular Probation,,2,0,0,0,2,0,0,0,,"Marshall, Brian K."
CP-23-CR-0000001-2017,1,Probation,5/30/2017,3 Years,County Regular Probation,,0,0,0,0,3,0,0,0,,"Scanlon, Anthony D."
CP-23-CR-0000001-2017,1,Probation,10/14/2020,3 Years,County Regular Probation,,0,0,0,0,3,0,0,0,,"Scanlon, Anthony D."
CP-23-CR-0000001-2017,121,Probation,5/30/2017,3 Years,County Regular Probation,,0,0,0,0,3,0,0,0,,"Scanlon, Anthony D."
CP-23-CR-0000001-2017,121,Probation,10/14/2020,3 Years,County Regular Probation,,0,0,0,0,3,0,0,0,,"Scanlon, Anthony D."
CP-23-CR-0000007-2020,1,Confinement,2/24/2020,Other,County Jail,,0,0,0,0,0,12,0,0,,"Kelly, Kevin F."
CP-23-CR-0000007-2020,1,Confinement,8/20/2021,Other,County Jail,,0,0,0,0,0,0,365,0,,"Capuzzi, John P. Sr."
CP-23-CR-0000070-2016,4,Confinement,4/1/2016,1-23 Months,County Jail,,0,1,0,0,0,23,0,0,,"Brennan, Mary Alice"
CP-23-CR-0000070-2016,4,No Further Penalty,5/21/2020,,,,,,,,,,,,,"Scanlon, Anthony D."
CP-23-CR-0000070-2016,6,Probation,4/1/2016,1 Year,County Regular Probation,,0,0,0,0,1,0,0,0,,"Brennan, Mary Alice"
CP-23-CR-0000112-2021,1,Confinement,8/30/2022,Other,County Jail,,0,0,0,0,0,23,0,0,,"Bradley, James P."
CP-23-CR-0000112-2021,2,Probation,8/30/2022,5 Years,County Regular Probation,,0,0,0,0,5,0,0,0,,"Bradley, James P."
CP-23-CR-0000123-2015,1,Probation,5/11/2022,Other,State (PBPP) Regular Probation,,0,0,0,0,20,0,0,0,,"Amoroso, Margaret J."
CP-23-CR-0000123-2015,5,Confinement,5/11/2022,Other,State,,0,60,0,0,0,120,0,0,,"Amoroso, Margaret J."
CP-23-CR-0000123-2015,6,Confinement,5/11/2022,Other,State,,0,60,0,0,0,120,0,0,,"Amoroso, Margaret J."
CP-23-CR-0000123-2015,7,Confinement,5/11/2022,Other,State,,0,60,0,0,0,120,0,0,,"Amoroso, Margaret J."
CP-23-CR-0000127-2022,4,Confinement,7/12/2022,Other,State,,0,18,0,0,0,60,0,0,,"Bradley, James P."
CP-23-CR-0000129-2021,1,Probation,5/10/2022,2 Years,County Regular Probation,,0,0,0,0,2,0,0,0,,"Bradley, James P."
CP-23-CR-0000130-2017,2,Confinement,3/7/2017,Other,County Jail,,0,0,0,0,0,23,0,0,,"Cappelli, Richard M."
CP-23-CR-0000130-2017,2,Confinement,1/17/2019,Other,County Jail,,0,0,0,0,0,0,51,0,,"Coll, Michael F."
CP-23-CR-0000130-2017,5,Probation,3/7/2017,1 Year,County Regular Probation,,0,0,0,0,1,0,0,0,,"Cappelli, Richard M."
CP-23-CR-0000130-2017,5,Probation,8/15/2017,1 Year,County Regular Probation,,0,0,0,0,1,0,0,0,,"Cappelli, Richard M."
CP-23-CR-0000130-2017,5,Probation,1/17/2019,1 Year,County Regular Probation,,0,0,0,0,1,0,0,0,,"Coll, Michael F."
CP-23-CR-0000169-2017,1,Confinement,3/27/2017,9-23 Months,County Jail,,0,9,0,0,0,23,0,0,,"Mallon, Gregory M."
CP-23-CR-0000169-2017,1,Probation,3/27/2017,3 Years,County Regular Probation,,0,0,0,0,3,0,0,0,,"Mallon, Gregory M."
CP-23-CR-0000169-2017,1,Probation,5/21/2021,1 Year,County Regular Probation,,0,0,0,0,1,0,0,0,,"Osborne, Ann"
CP-23-CR-0000201-2020,1,Confinement,3/9/2020,Other,County Jail,,0,0,0,0,0,12,0,0,,"Pileggi, Dominic F."
CP-23-CR-0000201-2020,3,Probation,3/9/2020,12 Months,County Regular Probation,,0,0,0,0,0,12,0,0,,"Pileggi, Dominic F."
CP-23-CR-0000307-2020,1,Confinement,2/6/2020,Other,County Jail,,0,0,0,0,0,23,0,0,,"Mallon, Gregory M."
CP-23-CR-0000361-2021,2,Confinement,11/23/2021,Other,County Jail,,0,0,0,0,0,23,0,0,,"Pileggi, Dominic F."
CP-23-CR-0000361-2021,2,Probation,11/23/2021,2 Years,County Regular Probation,,0,0,0,0,2,0,0,0,,"Pileggi, Dominic F."
CP-23-CR-0000431-2022,2,Probation,8/16/2022,2 Years,County Regular Probation,,0,0,0,0,2,0,0,0,,"Bradley, James P."
CP-23-CR-0000431-2022,3,Confinement,8/16/2022,Other,County Jail,,0,5,0,0,0,11,0,0,,"Bradley, James P."
CP-23-CR-0000432-2022,1,Confinement,8/9/2022,Other,County Jail,,0,0,0,0,0,12,0,0,,"Bradley, James P."
CP-23-CR-0000432-2022,2,Probation,8/9/2022,1 Year,County Regular Probation,,0,0,0,0,1,0,0,0,,"Bradley, James P."
CP-23-CR-0000453-2020,1,No Further Penalty,3/23/2020,,,,,,,,,,,,,"Scanlon, Anthony D."
CP-23-CR-0000462-2021,4,Probation,8/24/2021,3 Years,County Regular Probation,,0,0,0,0,3,0,0,0,,"Capuzzi, John P. Sr."
CP-23-CR-0000527-2021,4,Confinement,11/18/2021,Other,County Jail,,0,0,0,0,0,11,364,0,,"Green, George M."
CP-23-CR-0000527-2021,4,Probation,11/18/2021,1 Year,County Regular Probation,,0,0,0,0,1,0,0,0,,"Green, George M."
CP-23-CR-0000547-2015,1,Confinement,11/14/2017,Other,County Jail,,0,0,0,0,0,0,484,0,,"Brennan, Mary Alice"
CP-23-CR-0000547-2015,1,Confinement,4/9/2019,Other,County Jail,,0,0,0,0,0,0,281,0,,"Brennan, Mary Alice"
CP-23-CR-0000547-2015,1,Confinement,10/30/2020,Other,County Jail,,0,0,0,0,0,0,111,0,,"Osborne, Ann"
CP-23-CR-0000642-2019,1,Confinement,6/25/2019,30-60 Months,State,,0,30,0,0,0,60,0,0,,"Coll, Michael F."
CP-23-CR-0000652-2017,1,Confinement,12/19/2017,6-23 Months,County Jail,,0,6,0,0,0,23,0,0,,"Coll, Michael F."
CP-23-CR-0000652-2017,1,Probation,12/19/2017,1 Year,County Regular Probation,,0,0,0,0,1,0,0,0,,"Coll, Michael F."
CP-23-CR-0000652-2017,1,Probation,11/26/2019,1 Year,County Regular Probation,,0,0,0,0,1,0,0,0,,"Coll, Michael F."
CP-23-CR-0000663-2019,1,Confinement,3/11/2019,Other,County Jail,,0,0,0,0,0,23,0,0,,"Pagano, George A."
CP-23-CR-0000663-2019,1,Confinement,5/24/2022,Other,County Jail,,0,0,0,0,0,23,0,0,,"Bradley, James P."
CP-23-CR-0000663-2019,4,Probation,3/11/2019,3 Years,County Regular Probation,,0,0,0,0,3,0,0,0,,"Pagano, George A."
CP-23-CR-0000664-2019,1,Probation,7/17/2019,2 Years,County Regular Probation,,0,0,0,0,2,0,0,0,,"Coll, Michael F."
CP-23-CR-0000696-2020,1,Confinement,3/3/2020,3-23 Months,County Jail,,0,3,0,0,0,23,0,0,,"Osborne, Ann"
CP-23-CR-0000696-2020,1,Probation,3/3/2020,2 Years,County Regular Probation,,0,0,0,0,2,0,0,0,,"Osborne, Ann"
CP-23-CR-0000696-2020,1,Confinement,11/5/2021,Other,County Jail,,0,0,0,0,0,0,0,0,,"Kelly, Kevin F."
CP-23-CR-0000731-2018,4,Probation,8/14/2018,2 Years,County Regular Probation,,0,0,0,0,2,0,0,0,,"Coll, Michael F."
CP-23-CR-0000731-2018,6,Probation,8/14/2018,2 Years,County Regular Probation,,0,0,0,0,2,0,0,0,,"Coll, Michael F."
CP-23-CR-0000731-2018,14,Confinement,8/14/2018,12 Months Less 1 Day - 24 Months Less 1 Day,County Jail,,0,11,29,0,0,23,29,0,,"Coll, Michael F."
CP-23-CR-0000731-2018,14,Probation,8/14/2018,1 Year,County Regular Probation,,0,0,0,0,1,0,0,0,,"Coll, Michael F."
CP-23-CR-0000731-2018,15,Probation,8/14/2018,4 Years,County Regular Probation,,0,0,0,0,4,0,0,0,,"Coll, Michael F."
CP-23-CR-0000746-2018,1,Probation,6/18/2021,1 Year,County Regular Probation,,0,0,0,0,1,0,0,0,,"Osborne, Ann"
CP-23-CR-0000753-2022,1,Confinement,8/30/2022,Other,County Jail,,0,0,0,0,0,23,0,0,,"Bradley, James P."
CP-23-CR-0000761-2018,1,Confinement,2/28/2019,6-23 Months,County Jail,,0,6,0,0,0,23,0,0,,"Coll, Michael F."
CP-23-CR-0000804-2018,1,Confinement,1/10/2019,2-23 Months,County Jail,,0,2,0,0,0,23,0,0,,"Coll, Michael F."
CP-23-CR-0000804-2018,1,Confinement,12/13/2019,Other,County Jail,,0,0,0,0,0,0,458,0,,"Capuzzi, John P. Sr."
CP-23-CR-0000804-2018,3,Probation,1/10/2019,Other,County Probation Without Verdict,,0,0,0,0,0,0,0,0,,"Coll, Michael F."
CP-23-CR-0000804-2018,3,No Further Penalty,12/13/2019,,,,,,,,,,,,,"Capuzzi, John P. Sr."
CP-23-CR-0000918-2020,3,Confinement,4/30/2021,Other,State,,0,3,0,0,0,60,0,0,,"Osborne, Ann"
CP-23-CR-0000943-2020,1,Confinement,8/21/2020,Other,County Jail,,0,0,0,0,0,23,0,0,,"Osborne, Ann"
CP-23-CR-0000943-2020,1,Confinement,9/27/2021,Other,County Jail,,0,0,0,0,0,0,180,0,,"Scanlon, Anthony D."
CP-23-CR-0001008-2018,1,Confinement,4/26/2018,Other,County Jail,,0,0,0,0,0,23,0,0,,"Capuzzi, John P. Sr."
CP-23-CR-0001008-2018,1,Probation,4/26/2018,1 Year,County Regular Probation,,0,0,0,0,1,0,0,0,,"Capuzzi, John P. Sr."
CP-23-CR-0001008-2018,1,Probation,10/23/2019,1 Year,County Regular Probation,,0,0,0,0,1,0,0,0,,"Capuzzi, John P. Sr."
CP-23-CR-0001008-2018,1,Confinement,4/12/2022,Other,County Jail,,0,0,0,0,0,0,263,0,,"Bradley, James P."
CP-23-CR-0001037-2021,3,Confinement,9/13/2021,18-36 Months,State,,0,18,0,0,0,36,0,0,,"Brennan, Mary Alice"
CP-23-CR-0001038-2021,1,Probation,9/13/2021,2 Years,County Regular Probation,,0,0,0,0,2,0,0,0,,"Brennan, Mary Alice"
CP-23-CR-0001117-2020,1,Probation,4/30/2021,1 Year,County Regular Probation,,0,0,0,0,1,0,0,0,,"Osborne, Ann"
CP-23-CR-0001117-2020,4,Probation,4/30/2021,1 Year,County Regular Probation,,0,0,0,0,1,0,0,0,,"Osborne, Ann"
CP-23-CR-0001146-2021,2,Confinement,3/22/2021,6-23 Months,County Jail,,0,6,0,0,0,23,0,0,,"Capuzzi, John P. Sr."
CP-23-CR-0001181-2014,1,Confinement,8/4/2014,2-4 Years,State,,2,0,0,0,4,0,0,0,,"Pagano, George A."
CP-23-CR-0001181-2014,1,Probation,8/4/2014,2 Years,State (PBPP) Regular Probation,,0,0,0,0,2,0,0,0,,"Pagano, George A."
CP-23-CR-0001191-2017,2,Probation,4/4/2017,1 Year,County Regular Probation,,0,0,0,0,1,0,0,0,,"Bradley, James P."
CP-23-CR-0001191-2017,2,Probation,6/12/2020,3 Months,County Regular Probation,,0,0,0,0,0,3,0,0,,"Kelly, Kevin F."
CP-23-CR-0001270-2022,2,Probation,9/8/2022,2 Years,County Regular Probation,,0,0,0,0,2,0,0,0,,"Bradley, James P."
CP-23-CR-0001273-2019,1,Confinement,8/29/2019,6-12 Months,County Jail,,0,6,0,0,0,12,0,0,,"Coll, Michael F."
CP-23-CR-0001273-2019,2,Probation,8/29/2019,1 Year,County Regular Probation,,0,0,0,0,1,0,0,0,,"Coll, Michael F."
CP-23-CR-0001373-2022,1,Confinement,8/30/2022,Other,County Jail,,0,0,0,0,0,18,0,0,,"Bradley, James P."
CP-23-CR-0001373-2022,5,Probation,8/30/2022,12 Months,County Regular Probation,,0,0,0,0,0,12,0,0,,"Bradley, James P."
CP-23-CR-0001374-2022,2,Confinement,8/16/2022,Other,County Jail,,0,0,0,0,0,23,0,0,,"Bradley, James P."
CP-23-CR-0001374-2022,3,Probation,8/16/2022,4 Years,County Regular Probation,,0,0,0,0,4,0,0,0,,"Bradley, James P."
CP-23-CR-0001374-2022,5,No Further Penalty,8/16/2022,,,,,,,,,,,,,"Bradley, James P."
CP-23-CR-0001387-2020,1,Probation,9/18/2020,3 Years,County Regular Probation,,0,0,0,0,3,0,0,0,,"Osborne, Ann"
CP-23-CR-0001388-2020,1,Confinement,8/20/2021,Other,County Jail,,0,0,0,0,0,18,0,0,,"Capuzzi, John P. Sr."
CP-23-CR-0001389-2018,1,Confinement,5/22/2018,Other,State,,0,84,0,0,0,168,0,0,,"Amoroso, Margaret J."
CP-23-CR-0001389-2018,7,Confinement,5/22/2018,Other,State,,0,48,0,0,0,96,0,0,,"Amoroso, Margaret J."
CP-23-CR-0001389-2018,9,Probation,5/22/2018,5 Years,State (PBPP) Regular Probation,,0,0,0,0,5,0,0,0,,"Amoroso, Margaret J."
CP-23-CR-0001472-2016,1,Confinement,8/16/2018,Other,County Jail,,0,0,0,0,0,0,148,0,,"Coll, Michael F."
CP-23-CR-0001472-2016,1,Confinement,2/4/2020,Other,County Jail,,0,0,0,0,0,0,148,0,,"Amoroso, Margaret J."
CP-23-CR-0001472-2016,2,Probation,6/14/2016,1 Year,County Regular Probation,,0,0,0,0,1,0,0,0,,"Coll, Michael F."
CP-23-CR-0001472-2016,2,Probation,8/16/2018,1 Year,County Regular Probation,,0,0,0,0,1,0,0,0,,"Coll, Michael F."
CP-23-CR-0001472-2016,2,Probation,2/4/2020,1 Year,County Regular Probation,,0,0,0,0,1,0,0,0,,"Amoroso, Margaret J."
CP-23-CR-0001479-2020,1,Probation,8/28/2020,90 Days,County Regular Probation,,0,0,0,0,0,0,90,0,,"Pagano, George A."
CP-23-CR-0001489-2020,3,Confinement,10/30/2020,Other,County Jail,,0,0,0,0,0,23,0,0,,"Osborne, Ann"
CP-23-CR-0001489-2020,4,Probation,10/30/2020,2 Years,County Regular Probation,,0,0,0,0,2,0,0,0,,"Osborne, Ann"
CP-23-CR-0001653-2016,1,Probation,12/20/2018,2 Years,County Regular Probation,,0,0,0,0,2,0,0,0,,"Coll, Michael F."
CP-23-CR-0001653-2016,1,Confinement,1/22/2020,Other,County Jail,,0,0,0,0,0,23,0,0,,"Osborne, Ann"
CP-23-CR-0001722-2016,1,Probation,12/20/2018,3 Years,County Regular Probation,,0,0,0,0,3,0,0,0,,"Coll, Michael F."
CP-23-CR-0001722-2016,1,Probation,1/22/2020,2 Years,County Regular Probation,,0,0,0,0,2,0,0,0,,"Osborne, Ann"
CP-23-CR-0001774-2019,3,Probation,6/25/2021,Other,State (PBPP) Regular Probation,,0,0,0,0,10,0,0,0,,"Capuzzi, John P. Sr."
CP-23-CR-0001775-2019,5,Confinement,6/25/2021,24-48 Months,State,,0,24,0,0,0,48,0,0,,"Capuzzi, John P. Sr."
CP-23-CR-0001775-2019,5,Probation,6/25/2021,Other,State (PBPP) Regular Probation,,0,0,0,0,6,0,0,0,,"Capuzzi, John P. Sr."
CP-23-CR-0001792-2019,1,Probation,6/25/2021,5 Years,County Regular Probation,,0,0,0,0,5,0,0,0,,"Capuzzi, John P. Sr."
CP-23-CR-0001792-2019,7,Probation,6/25/2021,5 Years,County Regular Probation,,0,0,0,0,5,0,0,0,,"Capuzzi, John P. Sr."
CP-23-CR-0001794-2018,3,Probation,6/18/2021,2 Years,County Regular Probation,,0,0,0,0,2,0,0,0,,"Osborne, Ann"
CP-23-CR-0001832-2017,1,Probation,10/4/2017,1 Year,County Regular Probation,,0,0,0,0,1,0,0,0,,"Coll, Michael F."
CP-23-CR-0001832-2017,1,Confinement,2/27/2019,Other,County Jail,,0,0,0,0,0,0,423,0,,"Coll, Michael F."
CP-23-CR-0001953-2020,6,No Further Penalty,10/23/2020,,,,,,,,,,,,,"Scanlon, Anthony D."
CP-23-CR-0001953-2020,6,No Further Penalty,7/12/2022,,,,,,,,,,,,,"Bradley, James P."
CP-23-CR-0001953-2020,7,Confinement,10/23/2020,Other,County Jail,,0,12,0,0,0,56,0,0,,"Scanlon, Anthony D."
CP-23-CR-0001953-2020,7,Confinement,7/12/2022,12-36 Months,County Jail,,0,12,0,0,0,36,0,0,,"Bradley, James P."
CP-23-CR-0002020-2014,5,No Further Penalty,11/19/2021,,,,,,,,,,,,,"Kelly, Kevin F."
CP-23-CR-0002020-2014,6,Probation,7/29/2014,2 Years,County Regular Probation,,0,0,0,0,2,0,0,0,,"Coll, Michael F."
CP-23-CR-0002020-2014,6,Probation,11/19/2021,2 Years,County Regular Probation,,0,0,0,0,2,0,0,0,,"Kelly, Kevin F."
CP-23-CR-0002055-2020,4,Confinement,7/23/2021,11 1/2 - 23 Months,County Jail,,0,11,15,0,0,23,0,0,,"Pagano, George A."
CP-23-CR-0002055-2020,4,Probation,7/23/2021,1 Year,County Regular Probation,,0,0,0,0,1,0,0,0,,"Pagano, George A."
CP-23-CR-0002055-2020,5,Merged,7/23/2021,,,,,,,,,,,,,"Pagano, George A."
CP-23-CR-0002055-2020,6,Merged,7/23/2021,,,,,,,,,,,,,"Pagano, George A."
CP-23-CR-0002055-2020,8,Confinement,7/23/2021,11 1/2 - 23 Months,County Jail,,0,11,15,0,0,23,0,0,,"Pagano, George A."
CP-23-CR-0002071-2014,1,Confinement,5/22/2014,6-23 Months,County Jail,,0,6,0,0,0,23,0,0,,"Coll, Michael F."
CP-23-CR-0002071-2014,1,Probation,5/22/2014,5 Years,County Regular Probation,,0,0,0,0,5,0,0,0,,"Coll, Michael F."
CP-23-CR-0002071-2014,1,Probation,11/14/2018,5 Years,County Regular Probation,,0,0,0,0,5,0,0,0,,"Coll, Michael F."
CP-23-CR-0002077-2021,2,Confinement,2/22/2022,12-36 Months,State,,0,12,0,0,0,36,0,0,,"Bradley, James P."
CP-23-CR-0002077-2021,2,Probation,2/22/2022,3 Years,State (PBPP) Regular Probation,,0,0,0,0,3,0,0,0,,"Bradley, James P."
CP-23-CR-0002078-2021,6,Confinement,2/22/2022,12-36 Months,State,,0,12,0,0,0,36,0,0,,"Bradley, James P."
CP-23-CR-0002078-2021,6,Probation,2/22/2022,3 Years,State (PBPP) Regular Probation,,0,0,0,0,3,0,0,0,,"Bradley, James P."
CP-23-CR-0002078-2021,7,Confinement,2/22/2022,12-36 Months,State,,0,12,0,0,0,36,0,0,,"Bradley, James P."
CP-23-CR-0002078-2021,7,Probation,2/22/2022,3 Years,State (PBPP) Regular Probation,,0,0,0,0,3,0,0,0,,"Bradley, James P."
CP-23-CR-0002088-2019,3,Probation,9/26/2019,2 Years,County Regular Probation,,0,0,0,0,2,0,0,0,,"Coll, Michael F."
CP-23-CR-0002119-2020,1,Probation,4/30/2021,1 Year,County Regular Probation,,0,0,0,0,1,0,0,0,,"Osborne, Ann"
CP-23-CR-0002120-2020,1,Probation,4/30/2021,1 Year,County Regular Probation,,0,0,0,0,1,0,0,0,,"Osborne, Ann"
CP-23-CR-0002121-2020,2,Probation,4/30/2021,1 Year,County Regular Probation,,0,0,0,0,1,0,0,0,,"Osborne, Ann"
CP-23-CR-0002122-2020,1,Probation,4/30/2021,1 Year,County Regular Probation,,0,0,0,0,1,0,0,0,,"Osborne, Ann"
CP-23-CR-0002122-2020,2,Probation,4/30/2021,1 Year,County Regular Probation,,0,0,0,0,1,0,0,0,,"Osborne, Ann"
CP-23-CR-0002122-2020,3,Probation,4/30/2021,1 Year,County Regular Probation,,0,0,0,0,1,0,0,0,,"Osborne, Ann"
CP-23-CR-0002123-2020,1,Confinement,4/30/2021,Other,County Jail,,0,0,0,0,0,23,0,0,,"Osborne, Ann"
CP-23-CR-0002123-2020,1,Probation,4/30/2021,2 Years,County Regular Probation,,0,0,0,0,2,0,0,0,,"Osborne, Ann"
CP-23-CR-0002123-2020,6,Probation,4/30/2021,2 Years,County Regular Probation,,0,0,0,0,2,0,0,0,,"Osborne, Ann"
CP-23-CR-0002128-2020,1,Probation,9/13/2021,1 Year,County Regular Probation,,0,0,0,0,1,0,0,0,,"Pileggi, Dominic F."
CP-23-CR-0002141-2016,1,Confinement,8/8/2016,3-23 Months,County Jail,,0,3,0,0,0,23,0,0,,"Durham, Kathrynann W."
CP-23-CR-0002141-2016,1,Confinement,6/8/2018,Other,County Jail,,0,0,0,0,0,0,515,0,,"Brennan, Mary Alice"
CP-23-CR-0002161-2017,1,Confinement,6/13/2017,Other,County Jail,,0,0,0,0,0,12,0,0,,"Nilon, James F. Jr."
CP-23-CR-0002161-2017,1,Probation,1/17/2019,Other,County Probation Without Verdict,,0,0,0,0,0,0,0,0,,"Coll, Michael F."
CP-23-CR-0002190-2019,1,Probation,4/20/2021,2 Years,County Regular Probation,,0,0,0,0,2,0,0,0,,"Capuzzi, John P. Sr."
CP-23-CR-0002223-2019,1,Confinement,10/30/2019,Other,State,,0,8,0,0,0,24,0,0,,"Coll, Michael F."
CP-23-CR-0002241-2019,1,Confinement,3/26/2021,12 Months Less 1 Day - 24 Months Less 1 Day,County Jail,,0,11,29,0,0,23,29,0,,"Osborne, Ann"
CP-23-CR-0002292-2018,1,Probation,12/12/2018,1 Year,County Regular Probation,,0,0,0,0,1,0,0,0,,"Coll, Michael F."
CP-23-CR-0002292-2018,1,No Further Penalty,9/24/2021,,,,,,,,,,,,,"Kelly, Kevin F."
CP-23-CR-0002292-2018,2,Probation,12/12/2018,1 Year,County Regular Probation,,0,0,0,0,1,0,0,0,,"Coll, Michael F."
CP-23-CR-0002362-2020,1,Probation,11/20/2020,1 Year,County Regular Probation,,0,0,0,0,1,0,0,0,,"Osborne, Ann"
CP-23-CR-0002363-2020,9,Confinement,7/16/2021,12 Months Less 1 Day - 24 Months Less 1 Day,County Jail,,0,11,29,0,0,23,29,0,,"Osborne, Ann"
CP-23-CR-0002363-2020,9,Probation,7/16/2021,1 Year,County Regular Probation,,0,0,0,0,1,0,0,0,,"Osborne, Ann"
CP-23-CR-0002364-2020,1,Probation,7/16/2021,3 Years,County Regular Probation,,0,0,0,0,3,0,0,0,,"Osborne, Ann"
CP-23-CR-0002387-2016,2,Probation,11/22/2016,Other,State (PBPP) Regular Probation,,0,0,0,0,10,0,0,0,,"Pagano, George A."
CP-23-CR-0002387-2016,9,Probation,11/22/2016,Other,State (PBPP) Regular Probation,,0,0,0,0,10,0,0,0,,"Pagano, George A."
CP-23-CR-0002390-2017,1,Confinement,10/4/2017,Other,County Jail,,0,0,0,0,0,23,0,0,,"Coll, Michael F."
CP-23-CR-0002390-2017,1,Probation,10/4/2017,1 Year,County Regular Probation,,0,0,0,0,1,0,0,0,,"Coll, Michael F."
CP-23-CR-0002390-2017,1,Confinement,2/27/2019,Other,County Jail,,0,0,0,0,0,0,423,0,,"Coll, Michael F."
CP-23-CR-0002401-2019,2,Probation,3/26/2021,2 Years,County Regular Probation,,0,0,0,0,2,0,0,0,,"Osborne, Ann"
CP-23-CR-0002438-2010,1,No Further Penalty,1/26/2016,,,,,,,,,,,,,"Nilon, James F. Jr."
CP-23-CR-0002438-2010,1,No Further Penalty,5/17/2017,,,,,,,,,,,,,"Coll, Michael F."
CP-23-CR-0002438-2010,2,No Further Penalty,1/26/2016,,,,,,,,,,,,,"Nilon, James F. Jr."
CP-23-CR-0002438-2010,2,No Further Penalty,5/17/2017,,,,,,,,,,,,,"Coll, Michael F."
CP-23-CR-0002438-2010,3,No Further Penalty,1/26/2016,,,,,,,,,,,,,"Nilon, James F. Jr."
CP-23-CR-0002438-2010,3,No Further Penalty,5/17/2017,,,,,,,,,,,,,"Coll, Michael F."
CP-23-CR-0002438-2010,4,No Further Penalty,1/26/2016,,,,,,,,,,,,,"Nilon, James F. Jr."
CP-23-CR-0002438-2010,4,No Further Penalty,5/17/2017,,,,,,,,,,,,,"Coll, Michael F."
CP-23-CR-0002438-2010,5,No Further Penalty,5/17/2017,,,,,,,,,,,,,"Coll, Michael F."
CP-23-CR-0002438-2010,6,Probation,5/17/2017,4 Years,State (PBPP) Regular Probation,,0,0,0,0,4,0,0,0,,"Coll, Michael F."
CP-23-CR-0002438-2010,7,Confinement,5/17/2017,24-48 Months,State,,0,24,0,0,0,48,0,0,,"Coll, Michael F."
CP-23-CR-0002438-2010,7,Probation,5/17/2017,4 Years,State (PBPP) Regular Probation,,0,0,0,0,4,0,0,0,,"Coll, Michael F."
CP-23-CR-0002438-2010,8,No Further Penalty,1/26/2016,,,,,,,,,,,,,"Nilon, James F. Jr."
CP-23-CR-0002438-2010,8,No Further Penalty,5/17/2017,,,,,,,,,,,,,"Coll, Michael F."
CP-23-CR-0002521-2021,2,Probation,11/19/2021,90 Days,County Regular Probation,,0,0,0,0,0,0,90,0,,"Kelly, Kevin F."
CP-23-CR-0002592-2018,1,No Further Penalty,11/15/2018,,,,,,,,,,,,,"Coll, Michael F."
CP-23-CR-0002592-2018,2,Probation,6/26/2018,90 Days,County Regular Probation,,0,0,0,0,0,0,90,0,,"Coll, Michael F."
CP-23-CR-0002592-2018,2,Confinement,11/15/2018,Other,County Jail,11/15/2018,0,0,45,0,0,0,90,0,,"Coll, Michael F."
CP-23-CR-0002592-2018,4,Probation,6/26/2018,90 Days,County Regular Probation,,0,0,0,0,0,0,90,0,,"Coll, Michael F."
CP-23-CR-0002592-2018,4,Confinement,11/15/2018,Other,County Jail,,0,0,45,0,0,0,90,0,,"Coll, Michael F."
CP-23-CR-0002606-2017,1,Probation,6/12/2017,Other,County Probation Without Verdict,,0,0,0,0,0,0,0,0,,"Kelly, Kevin F."
CP-23-CR-0002606-2017,1,Probation,7/26/2019,Other,County Probation Without Verdict,,0,0,0,0,0,0,0,0,,"Cappelli, Richard M."
CP-23-CR-0002606-2017,1,No Further Penalty,12/17/2019,,,,,,,,,,,,,"Coll, Michael F."
CP-23-CR-0002606-2017,1,No Further Penalty,12/3/2021,,,,,,,,,,,,,"Amoroso, Margaret J."
CP-23-CR-0002606-2017,2,Probation,6/12/2017,2 Years,County Regular Probation,,0,0,0,0,2,0,0,0,,"Kelly, Kevin F."
CP-23-CR-0002606-2017,2,Probation,7/26/2019,2 Years,County Regular Probation,,0,0,0,0,2,0,0,0,,"Cappelli, Richard M."
CP-23-CR-0002606-2017,2,Probation,12/17/2019,24 Months,County Regular Probation,,0,0,0,0,0,24,0,0,,"Coll, Michael F."
CP-23-CR-0002606-2017,2,Probation,12/3/2021,2 Years,County Regular Probation,,0,0,0,0,2,0,0,0,,"Amoroso, Margaret J."
CP-23-CR-0002613-2021,1,Confinement,6/28/2022,12 Months Less 1 Day - 24 Months Less 1 Day,County Jail,,0,11,29,0,0,23,29,0,,"Brennan, Mary Alice"
CP-23-CR-0002613-2021,2,Probation,6/28/2022,2 Years,County Regular Probation,,0,0,0,0,2,0,0,0,,"Brennan, Mary Alice"
CP-23-CR-0002644-2020,2,Confinement,9/17/2021,Other,County Jail,,0,0,0,0,0,12,0,0,,"Kelly, Kevin F."
CP-23-CR-0002644-2020,2,Probation,9/17/2021,1 Year,County Regular Probation,,0,0,0,0,1,0,0,0,,"Kelly, Kevin F."
CP-23-CR-0002697-2012,1,Probation,11/14/2012,5 Years,State (PBPP) Regular Probation,,0,0,0,0,5,0,0,0,,"Kelly, Kevin F."
CP-23-CR-0002697-2012,1,Confinement,1/6/2015,Other,State,,0,27,0,0,0,60,0,0,,"Kelly, Kevin F."
CP-23-CR-0002697-2012,1,No Further Penalty,12/15/2020,,,,,,,,,,,,,"Green, George M."
CP-23-CR-0002697-2012,1,No Further Penalty,7/12/2022,,,,,,,,,,,,,"Bradley, James P."
CP-23-CR-0002697-2012,2,Merged,11/14/2012,,,,,,,,,,,,,"Kelly, Kevin F."
CP-23-CR-0002697-2012,2,Merged,1/6/2015,,,,,,,,,,,,,"Kelly, Kevin F."
CP-23-CR-0002697-2012,2,No Further Penalty,12/15/2020,,,,,,,,,,,,,"Green, George M."
CP-23-CR-0002697-2012,2,No Further Penalty,7/12/2022,,,,,,,,,,,,,"Bradley, James P."
CP-23-CR-0002697-2012,3,Merged,11/14/2012,,,,,,,,,,,,,"Kelly, Kevin F."
CP-23-CR-0002697-2012,3,Merged,1/6/2015,,,,,,,,,,,,,"Kelly, Kevin F."
CP-23-CR-0002697-2012,3,No Further Penalty,12/15/2020,,,,,,,,,,,,,"Green, George M."
CP-23-CR-0002697-2012,3,No Further Penalty,7/12/2022,,,,,,,,,,,,,"Bradley, James P."
CP-23-CR-0002697-2012,4,Confinement,11/14/2012,Other,State,,0,30,0,0,0,72,0,0,,"Kelly, Kevin F."
CP-23-CR-0002697-2012,4,Probation,1/6/2015,5 Years,State (PBPP) Regular Probation,,0,0,0,0,5,0,0,0,,"Kelly, Kevin F."
CP-23-CR-0002697-2012,4,Confinement,12/15/2020,Other,County Jail,,0,0,0,0,0,23,0,0,,"Green, George M."
CP-23-CR-0002697-2012,4,Probation,12/15/2020,3 Years,County Regular Probation,,0,0,0,0,3,0,0,0,,"Green, George M."
CP-23-CR-0002697-2012,4,Confinement,7/12/2022,Other,County Jail,,0,0,0,0,0,0,501,0,,"Bradley, James P."
CP-23-CR-0002762-2017,1,Confinement,7/24/2017,Other,County Jail,,0,0,0,0,0,23,0,0,,"Pagano, George A."
CP-23-CR-0002832-2014,1,Confinement,8/27/2014,Other,County Jail,,0,0,0,0,0,23,0,0,,"Nilon, James F. Jr."
CP-23-CR-0002832-2014,4,Probation,8/27/2014,1 Year,County Regular Probation,,0,0,0,0,1,0,0,0,,"Nilon, James F. Jr."
CP-23-CR-0002916-2018,1,Confinement,4/30/2019,12 Months Less 1 Day - 24 Months Less 1 Day,County Jail,,0,11,29,0,0,23,29,0,,"Coll, Michael F."
CP-23-CR-0002916-2018,1,No Further Penalty,10/23/2020,,,,,,,,,,,,,"Osborne, Ann"
CP-23-CR-0002916-2018,2,Probation,4/30/2019,3 Years,County Regular Probation,,0,0,0,0,3,0,0,0,,"Coll, Michael F."
CP-23-CR-0002916-2018,2,Confinement,10/23/2020,Other,State,,0,3,0,0,0,24,0,0,,"Osborne, Ann"
CP-23-CR-0002916-2018,3,Probation,4/30/2019,3 Years,County Regular Probation,,0,0,0,0,3,0,0,0,,"Coll, Michael F."
CP-23-CR-0002916-2018,3,Confinement,10/23/2020,Other,State,,0,3,0,0,0,24,0,0,,"Osborne, Ann"
CP-23-CR-0002916-2018,4,Probation,4/30/2019,2 Years,County Regular Probation,,0,0,0,0,2,0,0,0,,"Coll, Michael F."
CP-23-CR-0002916-2018,4,No Further Penalty,10/23/2020,,,,,,,,,,,,,"Osborne, Ann"
CP-23-CR-0003142-2020,3,Probation,2/8/2021,1 Year,County Regular Probation,,0,0,0,0,1,0,0,0,,"Amoroso, Margaret J."
CP-23-CR-0003150-2017,1,Confinement,9/9/2022,Other,State,,20,0,0,0,40,0,0,0,,"Cappelli, Richard M."
CP-23-CR-0003150-2017,2,Confinement,9/9/2022,10-20 Years,State,,10,0,0,0,20,0,0,0,,"Cappelli, Richard M."
CP-23-CR-0003150-2017,3,Confinement,9/9/2022,2 1/2 Years - 5 Years,State,,2,6,0,0,5,0,0,0,,"Cappelli, Richard M."
CP-23-CR-0003150-2017,4,Confinement,9/9/2022,2 1/2 Years - 5 Years,State,,2,6,0,0,5,0,0,0,,"Cappelli, Richard M."
CP-23-CR-0003150-2017,5,Confinement,9/9/2022,2 1/2 Years - 5 Years,State,,2,6,0,0,5,0,0,0,,"Cappelli, Richard M."
CP-23-CR-0003150-2017,6,Confinement,9/9/2022,10-20 Years,State,,10,0,0,0,20,0,0,0,,"Cappelli, Richard M."
CP-23-CR-0003150-2017,7,Confinement,9/9/2022,2 1/2 Years - 5 Years,State,,2,6,0,0,5,0,0,0,,"Cappelli, Richard M."
CP-23-CR-0003159-2019,1,Probation,7/15/2019,1 Year,County Regular Probation,,0,0,0,0,1,0,0,0,,"Pagano, George A."
CP-23-CR-0003159-2019,2,Probation,7/15/2019,90 Days,County Regular Probation,,0,0,0,0,0,0,90,0,,"Pagano, George A."
CP-23-CR-0003220-2020,1,Confinement,8/17/2021,9-23 Months,County Jail,,0,9,0,0,0,23,0,0,,"Pagano, George A."
CP-23-CR-0003220-2020,1,Probation,8/17/2021,2 Years,County Regular Probation,,0,0,0,0,2,0,0,0,,"Pagano, George A."
CP-23-CR-0003259-2019,1,Probation,10/23/2019,5 Years,County Regular Probation,,0,0,0,0,5,0,0,0,,"Pagano, George A."
CP-23-CR-0003282-2019,5,Probation,9/28/2020,2 Years,County Regular Probation,,0,0,0,0,2,0,0,0,,"Cappelli, Richard M."
CP-23-CR-0003292-2019,1,Probation,10/9/2019,3 Years,County Regular Probation,,0,0,0,0,3,0,0,0,,"Coll, Michael F."
CP-23-CR-0003345-2020,1,Confinement,4/9/2021,Other,County Jail,,0,0,0,0,0,23,0,0,,"Osborne, Ann"
CP-23-CR-0003366-2018,2,Confinement,4/30/2019,12 Months Less 1 Day - 24 Months Less 1 Day,County Jail,,0,11,29,0,0,23,29,0,,"Coll, Michael F."
CP-23-CR-0003366-2018,2,Probation,4/30/2019,4 Years,County Regular Probation,,0,0,0,0,4,0,0,0,,"Coll, Michael F."
CP-23-CR-0003445-2018,1,Confinement,1/10/2019,4-8 Years,State,,4,0,0,0,8,0,0,0,,"Coll, Michael F."
CP-23-CR-0003445-2018,1,Probation,1/10/2019,4 Years,State (PBPP) Regular Probation,,0,0,0,0,4,0,0,0,,"Coll, Michael F."
CP-23-CR-0003445-2018,3,Confinement,1/10/2019,1-2 Years,State,,1,0,0,0,2,0,0,0,,"Coll, Michael F."
CP-23-CR-0003445-2018,5,Confinement,1/10/2019,1-2 Years,State,,1,0,0,0,2,0,0,0,,"Coll, Michael F."
CP-23-CR-0003488-2020,2,Confinement,5/28/2021,Other,County Jail,,0,0,0,0,0,23,0,0,,"Osborne, Ann"
CP-23-CR-0003488-2020,2,Probation,5/28/2021,3 Years,County Regular Probation,,0,0,0,0,3,0,0,0,,"Osborne, Ann"
CP-23-CR-0003488-2020,4,Probation,5/28/2021,3 Years,County Regular Probation,,0,0,0,0,3,0,0,0,,"Osborne, Ann"
CP-23-CR-0003488-2020,5,Probation,5/28/2021,3 Years,County Regular Probation,,0,0,0,0,3,0,0,0,,"Osborne, Ann"
CP-23-CR-0003520-2018,1,Confinement,8/21/2019,Other,State,,0,40,0,0,0,84,0,0,,"Coll, Michael F."
CP-23-CR-0003520-2018,1,Probation,8/21/2019,3 Years,State (PBPP) Regular Probation,,0,0,0,0,3,0,0,0,,"Coll, Michael F."
CP-23-CR-0003520-2018,7,Probation,8/21/2019,2 Years,State (PBPP) Regular Probation,,0,0,0,0,2,0,0,0,,"Coll, Michael F."
CP-23-CR-0003520-2018,9,Probation,8/21/2019,2 Years,State (PBPP) Regular Probation,,0,0,0,0,2,0,0,0,,"Coll, Michael F."
CP-23-CR-0003534-2018,2,Confinement,7/16/2021,12 Months Less 1 Day - 24 Months Less 1 Day,County Jail,,0,11,29,0,0,23,29,0,,"Osborne, Ann"
CP-23-CR-0003534-2018,2,Probation,7/16/2021,2 Years,County Regular Probation,,0,0,0,0,2,0,0,0,,"Osborne, Ann"
CP-23-CR-0003542-2021,3,Probation,12/21/2021,90 Days,County Regular Probation,,0,0,0,0,0,0,90,0,,"Kelly, Kevin F."
CP-23-CR-0003562-2018,1,Probation,11/19/2018,1 Year,State (PBPP) Regular Probation,,0,0,0,0,1,0,0,0,,"Pagano, George A."
CP-23-CR-0003562-2018,1,IPP,11/19/2018,2 Years,State,,0,0,0,0,0,24,0,0,,"Pagano, George A."
CP-23-CR-0003562-2018,1,Probation,11/21/2019,1 Year,State (PBPP) Regular Probation,,0,0,0,0,1,0,0,0,,"Pagano, George A."
CP-23-CR-0003562-2018,1,Confinement,11/15/2021,4-12 Months,County Jail,3/11/2021,0,4,0,0,0,12,0,0,,"Cappelli, Richard M."
CP-23-CR-0003562-2018,1,Confinement,6/28/2022,Other,County Jail,,0,0,0,0,0,0,62,0,,"Cappelli, Richard M."
CP-23-CR-0003562-2018,1,Confinement,7/8/2022,Other,County Jail,,0,0,0,0,0,0,62,0,,"Cappelli, Richard M."
CP-23-CR-0003696-2021,1,Probation,4/19/2022,3 Years,County Regular Probation,,0,0,0,0,3,0,0,0,,"Bradley, James P."
CP-23-CR-0003783-2017,2,Confinement,4/23/2019,Other,County Jail,,0,0,0,0,0,0,560,0,,"Scanlon, Anthony D."
CP-23-CR-0003783-2017,2,Confinement,6/25/2019,Other,County Jail,,0,0,0,0,0,0,522,0,,"Scanlon, Anthony D."
CP-23-CR-0003783-2017,2,Confinement,2/19/2021,Other,County Jail,,0,0,0,0,0,0,421,0,,"Scanlon, Anthony D."
CP-23-CR-0003783-2017,2,Confinement,2/22/2022,Other,County Jail,,0,0,0,0,0,0,66,0,,"Bradley, James P."
CP-23-CR-0003783-2017,5,Probation,8/7/2017,1 Year,County Regular Probation,,0,0,0,0,1,0,0,0,,"Scanlon, Anthony D."
CP-23-CR-0003783-2017,5,Probation,4/23/2019,1 Year,County Regular Probation,,0,0,0,0,1,0,0,0,,"Scanlon, Anthony D."
CP-23-CR-0003783-2017,5,Probation,6/25/2019,1 Year,County Regular Probation,,0,0,0,0,1,0,0,0,,"Scanlon, Anthony D."
CP-23-CR-0003783-2017,5,Confinement,2/19/2021,6-12 Months,County Jail,12/11/2021,0,6,0,0,0,12,0,0,,"Scanlon, Anthony D."
CP-23-CR-0003783-2017,5,No Further Penalty,2/22/2022,,,,,,,,,,,,,"Bradley, James P."
CP-23-CR-0003804-2018,5,Confinement,12/19/2018,6-23 Months,County Jail,,0,6,0,0,0,23,0,0,,"Coll, Michael F."
CP-23-CR-0003804-2018,6,Probation,12/19/2018,30 days,County Regular Probation,,0,0,0,0,0,0,30,0,,"Coll, Michael F."
CP-23-CR-0003804-2018,7,Probation,12/19/2018,1 Year,County Regular Probation,,0,0,0,0,1,0,0,0,,"Coll, Michael F."
CP-23-CR-0003804-2018,8,Probation,12/19/2018,1 Year,County Regular Probation,,0,0,0,0,1,0,0,0,,"Coll, Michael F."
CP-23-CR-0003814-2017,1,Confinement,12/19/2018,Other,County Jail,,0,0,0,0,0,23,0,0,,"Coll, Michael F."
CP-23-CR-0003973-2018,2,No Further Penalty,8/6/2018,,,,,,,,,,,,,"Brennan, Mary Alice"
CP-23-CR-0003973-2018,2,No Further Penalty,9/20/2021,,,,,,,,,,,,,"Kelly, Kevin F."
CP-23-CR-0003973-2018,3,Confinement,8/6/2018,Other,County Jail,,0,0,0,0,0,23,0,0,,"Brennan, Mary Alice"
CP-23-CR-0003973-2018,3,Confinement,9/20/2021,Other,County Jail,,0,0,0,0,0,0,546,0,,"Kelly, Kevin F."
CP-23-CR-0003973-2018,4,Confinement,8/6/2018,Other,County Jail,,0,0,0,0,0,23,0,0,,"Brennan, Mary Alice"
CP-23-CR-0003973-2018,4,No Further Penalty,9/20/2021,,,,,,,,,,,,,"Kelly, Kevin F."
CP-23-CR-0004019-2019,3,Probation,9/18/2020,90 Days,County Regular Probation,,0,0,0,0,0,0,90,0,,"Osborne, Ann"
CP-23-CR-0004019-2019,4,Probation,9/18/2020,1 Year,County Regular Probation,,0,0,0,0,1,0,0,0,,"Osborne, Ann"
CP-23-CR-0004092-1979,1,Confinement,1/11/1980,,Diagnostic Classification Center,3/20/1981,99,99,99,,99,99,99,,,"Migrated, Judge"
CP-23-CR-0004103-2005,5,No Further Penalty,5/4/2006,,,,,,,,,,,,,"Dozor, Barry C."
CP-23-CR-0004103-2005,5,No Further Penalty,7/10/2012,,,,,,,,,,,,,"Dozor, Barry C."
CP-23-CR-0004105-2021,1,Confinement,8/30/2022,Other,County Jail,,0,0,0,0,0,23,0,0,,"Bradley, James P."
CP-23-CR-0004105-2021,1,Probation,8/30/2022,3 Years,County Regular Probation,,0,0,0,0,3,0,0,0,,"Bradley, James P."
CP-23-CR-0004124-2014,1,Probation,7/14/2015,2 Years,County Regular Probation,,0,0,0,0,2,0,0,0,,"Coll, Michael F."
CP-23-CR-0004124-2014,3,Confinement,7/14/2015,11 1/2 - 23 Months,County Jail,,0,11,15,0,0,23,0,0,,"Coll, Michael F."
CP-23-CR-0004124-2014,3,No Further Penalty,6/13/2018,,,,,,,,,,,,,"Coll, Michael F."
CP-23-CR-0004162-2016,1,Probation,6/12/2017,Other,County Probation Without Verdict,,0,0,0,0,0,0,0,0,,"Kelly, Kevin F."
CP-23-CR-0004162-2016,3,Probation,6/12/2017,90 Days,County Regular Probation,,0,0,0,0,0,0,90,0,,"Kelly, Kevin F."
CP-23-CR-0004165-2017,3,Probation,10/16/2017,2 Years,County Regular Probation,,0,0,0,0,2,0,0,0,,"Capuzzi, John P. Sr."
CP-23-CR-0004165-2017,3,No Further Penalty,10/30/2020,,,,,,,,,,,,,"Osborne, Ann"
CP-23-CR-0004165-2017,5,Probation,10/16/2017,2 Years,County Regular Probation,,0,0,0,0,2,0,0,0,,"Capuzzi, John P. Sr."
CP-23-CR-0004165-2017,7,Confinement,10/16/2017,90 Days,County Jail,,0,0,0,0,0,0,90,0,,"Capuzzi, John P. Sr."
CP-23-CR-0004165-2017,7,No Further Penalty,10/30/2020,,,,,,,,,,,,,"Osborne, Ann"
CP-23-CR-0004165-2017,9,Confinement,10/16/2017,Other,County Jail,,0,0,0,0,0,0,30,0,,"Capuzzi, John P. Sr."
CP-23-CR-0004165-2017,9,No Further Penalty,10/30/2020,,,,,,,,,,,,,"Osborne, Ann"
CP-23-CR-0004171-2016,1,Probation,3/20/2018,2 Years,County Regular Probation,,0,0,0,0,2,0,0,0,,"Coll, Michael F."
CP-23-CR-0004178-2019,5,No Further Penalty,4/9/2021,,,,,,,,,,,,,"Osborne, Ann"
CP-23-CR-0004178-2019,6,Probation,11/14/2019,1 Year,County Regular Probation,,0,0,0,0,1,0,0,0,,"Coll, Michael F."
CP-23-CR-0004178-2019,6,Probation,4/9/2021,1 Year,County Regular Probation,,0,0,0,0,1,0,0,0,,"Osborne, Ann"
CP-23-CR-0004291-2020,3,Probation,9/17/2021,18 Months,County Regular Probation,,0,0,0,0,0,18,0,0,,"Kelly, Kevin F."
CP-23-CR-0004334-2018,1,Confinement,12/19/2018,3-23 Months,County Jail,,0,3,0,0,0,23,0,0,,"Coll, Michael F."
CP-23-CR-0004334-2018,1,Confinement,7/8/2020,Other,County Jail,,0,0,0,0,0,0,90,0,,"Kelly, Kevin F."
CP-23-CR-0004334-2018,3,Probation,12/19/2018,90 Days,County Regular Probation,,0,0,0,0,0,0,90,0,,"Coll, Michael F."
CP-23-CR-0004334-2018,3,Probation,7/8/2020,90 Days,County Regular Probation,,0,0,0,0,0,0,90,0,,"Kelly, Kevin F."
CP-23-CR-0004515-2019,2,Confinement,7/31/2020,11 1/2 - 23 Months,County Jail,,0,11,15,0,0,23,0,0,,"Osborne, Ann"
CP-23-CR-0004515-2019,2,Confinement,6/18/2021,Other,County Jail,,0,0,0,0,0,0,237,0,,"Osborne, Ann"
CP-23-CR-0004515-2019,4,Probation,7/31/2020,6 Months,County Regular Probation,,0,0,0,0,0,6,0,0,,"Osborne, Ann"
CP-23-CR-0004515-2019,4,No Further Penalty,6/18/2021,,,,,,,,,,,,,"Osborne, Ann"
CP-23-CR-0004535-2016,1,Probation,1/17/2019,2 Years,County Regular Probation,,0,0,0,0,2,0,0,0,,"Coll, Michael F."
CP-23-CR-0004549-2013,2,Probation,10/29/2013,1 Year,State (PBPP) Regular Probation,,0,0,0,0,1,0,0,0,,"Kelly, Kevin F."
CP-23-CR-0004549-2013,5,Probation,10/29/2013,2 Years,State (PBPP) Regular Probation,,0,0,0,0,2,0,0,0,,"Kelly, Kevin F."
CP-23-CR-0004564-2019,2,Confinement,3/23/2020,Other,County Jail,,0,0,0,0,0,23,0,0,,"Brennan, Mary Alice"
CP-23-CR-0004564-2019,2,Probation,3/23/2020,3 Years,County Regular Probation,,0,0,0,0,3,0,0,0,,"Brennan, Mary Alice"
CP-23-CR-0004585-2019,1,Confinement,12/18/2020,11 1/2 - 23 Months,County Jail,,0,11,15,0,0,23,0,0,,"Osborne, Ann"
CP-23-CR-0004585-2019,1,Probation,12/18/2020,4 Years,County Regular Probation,,0,0,0,0,4,0,0,0,,"Osborne, Ann"
CP-23-CR-0004689-2021,1,Confinement,1/11/2022,Other,County Jail,,0,0,0,0,0,12,0,0,,"Capuzzi, John P. Sr."
CP-23-CR-0004689-2021,1,Confinement,8/30/2022,Other,County Jail,,0,0,0,0,0,0,235,0,,"Bradley, James P."
CP-23-CR-0004759-2013,4,Probation,1/29/2014,2 Years,County Regular Probation,,0,0,0,0,2,0,0,0,,"Coll, Michael F."
CP-23-CR-0004789-2019,1,Confinement,3/23/2020,Other,County Jail,,0,0,0,0,0,23,0,0,,"Brennan, Mary Alice"
CP-23-CR-0004813-2018,1,Confinement,7/9/2019,6-24 Months,State,,0,6,0,0,0,24,0,0,,"Coll, Michael F."
CP-23-CR-0004814-2018,1,Confinement,7/9/2019,Other,State,,0,36,0,0,0,72,0,0,,"Coll, Michael F."
CP-23-CR-0004819-2017,1,Confinement,4/16/2019,6-23 Months,County Jail,,0,6,0,0,0,23,0,0,,"Coll, Michael F."
CP-23-CR-0004823-2017,1,Probation,6/5/2018,1 Year,County Regular Probation,,0,0,0,0,1,0,0,0,,"Coll, Michael F."
CP-23-CR-0004841-2018,1,Confinement,7/23/2019,3-6 Years,State,,3,0,0,0,6,0,0,0,,"Coll, Michael F."
CP-23-CR-0005097-2018,1,Confinement,5/14/2019,2-12 Months,County Jail,,0,2,0,0,0,12,0,0,,"Coll, Michael F."
CP-23-CR-0005119-2021,1,Probation,4/19/2022,3 Years,County Regular Probation,,0,0,0,0,3,0,0,0,,"Bradley, James P."
CP-23-CR-0005200-2018,1,Confinement,11/15/2018,Other,County Jail,,0,0,0,0,0,23,0,0,,"Coll, Michael F."
CP-23-CR-0005259-2021,1,Confinement,6/28/2022,90 Days,County Jail,,0,0,0,0,0,0,90,0,,"Bradley, James P."
CP-23-CR-0005276-2019,1,Probation,7/8/2020,3 Years,County Regular Probation,,0,0,0,0,3,0,0,0,,"Kelly, Kevin F."
CP-23-CR-0005276-2019,3,Probation,7/8/2020,3 Years,County Regular Probation,,0,0,0,0,3,0,0,0,,"Kelly, Kevin F."
CP-23-CR-0005277-2019,8,Probation,2/5/2020,1 Year,County Regular Probation,,0,0,0,0,1,0,0,0,,"Osborne, Ann"
CP-23-CR-0005296-2018,7,Probation,5/12/2022,1 Year,County Regular Probation,,0,0,0,0,1,0,0,0,,"Pagano, George A."
CP-23-CR-0005296-2018,8,Probation,5/12/2022,1 Year,County Regular Probation,,0,0,0,0,1,0,0,0,,"Pagano, George A."
CP-23-CR-0005296-2018,9,Probation,5/12/2022,1 Year,County Regular Probation,,0,0,0,0,1,0,0,0,,"Pagano, George A."
CP-23-CR-0005347-2019,1,Probation,3/3/2020,2 Years,County Regular Probation,,0,0,0,0,2,0,0,0,,"Osborne, Ann"
CP-23-CR-0005347-2019,1,Probation,11/5/2021,2 Years,County Regular Probation,,0,0,0,0,2,0,0,0,,"Kelly, Kevin F."
CP-23-CR-0005356-2018,1,Probation,5/14/2019,1 Year,County Regular Probation,,0,0,0,0,1,0,0,0,,"Coll, Michael F."
CP-23-CR-0005377-2019,1,Probation,2/5/2020,1 Year,County Regular Probation,,0,0,0,0,1,0,0,0,,"Osborne, Ann"
CP-23-CR-0005443-2021,1,Confinement,5/31/2022,Other,County Jail,,0,0,0,0,0,23,0,0,,"Bradley, James P."
CP-23-CR-0005443-2021,1,Probation,5/31/2022,3 Years,County Regular Probation,,0,0,0,0,3,0,0,0,,"Bradley, James P."
CP-23-CR-0005443-2021,2,Probation,5/31/2022,2 Years,County Regular Probation,,0,0,0,0,2,0,0,0,,"Bradley, James P."
CP-23-CR-0005508-2018,1,Confinement,7/31/2020,11 1/2 - 23 Months,County Jail,,0,11,15,0,0,23,0,0,,"Osborne, Ann"
CP-23-CR-0005508-2018,1,Probation,7/31/2020,3 Years,County Regular Probation,,0,0,0,0,3,0,0,0,,"Osborne, Ann"
CP-23-CR-0005508-2018,7,Probation,7/31/2020,1 Year,County Regular Probation,,0,0,0,0,1,0,0,0,,"Osborne, Ann"
CP-23-CR-0005522-2018,1,No Further Penalty,9/25/2020,,,,,,,,,,,,,"Osborne, Ann"
CP-23-CR-0005522-2018,2,Probation,12/17/2019,1 Year,County Regular Probation,,0,0,0,0,1,0,0,0,,"Coll, Michael F."
CP-23-CR-0005522-2018,2,Confinement,9/25/2020,6-12 Months,County Jail,9/4/2020,0,6,0,0,0,12,0,0,,"Osborne, Ann"
CP-23-CR-0005522-2018,3,Probation,12/17/2019,90 Days,County Regular Probation,,0,0,0,0,0,0,90,0,,"Coll, Michael F."
CP-23-CR-0005522-2018,3,No Further Penalty,9/25/2020,,,,,,,,,,,,,"Osborne, Ann"
CP-23-CR-0005666-2018,3,Confinement,11/30/2018,Other,County Jail,,0,0,0,0,0,23,0,0,,"Capuzzi, John P. Sr."
CP-23-CR-0005666-2018,3,Confinement,7/8/2020,Other,County Jail,,0,0,0,0,0,0,482,0,,"Kelly, Kevin F."
CP-23-CR-0005666-2018,5,Probation,11/30/2018,5 Years,County Regular Probation,,0,0,0,0,5,0,0,0,,"Capuzzi, John P. Sr."
CP-23-CR-0005666-2018,5,Probation,7/8/2020,5 Years,County Regular Probation,,0,0,0,0,5,0,0,0,,"Kelly, Kevin F."
CP-23-CR-0005673-2018,1,Probation,11/30/2018,2 Years,County Regular Probation,,0,0,0,0,2,0,0,0,,"Capuzzi, John P. Sr."
CP-23-CR-0005673-2018,1,Probation,7/8/2020,2 Years,County Regular Probation,,0,0,0,0,2,0,0,0,,"Kelly, Kevin F."
CP-23-CR-0005677-2018,1,Probation,6/25/2021,5 Years,State (PBPP) Regular Probation,,0,0,0,0,5,0,0,0,,"Capuzzi, John P. Sr."
CP-23-CR-0005735-2019,2,Probation,8/20/2021,1 Year,County Regular Probation,,0,0,0,0,1,0,0,0,,"Capuzzi, John P. Sr."
CP-23-CR-0005770-2019,9,Probation,9/17/2021,2 Years,County Regular Probation,,0,0,0,0,2,0,0,0,,"Kelly, Kevin F."
CP-23-CR-0005935-2016,1,Confinement,12/8/2016,Other,County Jail,,0,0,0,0,0,23,0,0,,"Capuzzi, John P. Sr."
CP-23-CR-0005935-2016,1,Confinement,8/22/2018,Other,County Jail,,0,0,0,0,0,0,467,0,,"Capuzzi, John P. Sr."
CP-23-CR-0005935-2016,1,No Further Penalty,9/13/2021,,,,,,,,,,,,,"Brennan, Mary Alice"
CP-23-CR-0005935-2016,3,Probation,12/8/2016,1 Year,County Regular Probation,,0,0,0,0,1,0,0,0,,"Capuzzi, John P. Sr."
CP-23-CR-0005935-2016,3,Probation,8/22/2018,1 Year,County Regular Probation,,0,0,0,0,1,0,0,0,,"Capuzzi, John P. Sr."
CP-23-CR-0005935-2016,3,Confinement,9/13/2021,6-12 Months,State,,0,6,0,0,0,12,0,0,,"Brennan, Mary Alice"
CP-23-CR-0005961-2019,1,Confinement,3/9/2020,Other,County Jail,,0,0,0,0,0,23,0,0,,"Scanlon, Anthony D."
CP-23-CR-0005961-2019,1,Confinement,8/21/2020,Other,County Jail,,0,0,0,0,0,0,519,0,,"Osborne, Ann"
CP-23-CR-0005961-2019,1,Confinement,9/27/2021,Other,County Jail,,0,0,0,0,0,0,147,0,,"Scanlon, Anthony D."
CP-23-CR-0006244-2019,1,Confinement,6/12/2020,Other,County Jail,,0,0,0,0,0,12,0,0,,"Capuzzi, John P. Sr."
CP-23-CR-0006244-2019,1,Confinement,10/6/2021,Other,County Jail,,0,0,0,0,0,0,155,0,,"Capuzzi, John P. Sr."
CP-23-CR-0006257-2017,1,Confinement,1/17/2019,Other,County Jail,,0,0,0,0,0,23,0,0,,"Coll, Michael F."
CP-23-CR-0006257-2017,2,Probation,1/17/2019,24 Months,County Regular Probation,,0,0,0,0,0,24,0,0,,"Coll, Michael F."
CP-23-CR-0006290-2016,4,Probation,4/17/2018,Other,County Regular Probation,,0,0,0,0,0,11,15,0,,"Coll, Michael F."
CP-23-CR-0006325-2018,1,Probation,11/15/2018,1 Year,County Regular Probation,,0,0,0,0,1,0,0,0,,"Coll, Michael F."
CP-23-CR-0006325-2018,1,Probation,9/18/2020,1 Year,County Regular Probation,,0,0,0,0,1,0,0,0,,"Osborne, Ann"
CP-23-CR-0006364-2019,1,Probation,12/16/2019,18 Months,County Regular Probation,,0,0,0,0,0,18,0,0,,"Scanlon, Anthony D."
CP-23-CR-0006374-2018,2,Confinement,5/14/2019,Other,County Jail,,0,0,0,0,0,12,0,0,,"Coll, Michael F."
CP-23-CR-0006438-2019,1,Probation,7/31/2020,30 days,County Regular Probation,,0,0,0,0,0,0,30,0,,"Osborne, Ann"
CP-23-CR-0006438-2019,2,Confinement,7/31/2020,6-12 Months,County Jail,,0,6,0,0,0,12,0,0,,"Osborne, Ann"
CP-23-CR-0006457-2013,1,Probation,12/16/2013,3 Years,County Regular Probation,,0,0,0,0,3,0,0,0,,"Pagano, George A."
CP-23-CR-0006457-2013,1,Confinement,8/2/2018,Other,State,,0,18,0,0,0,60,0,0,,"Coll, Michael F."
CP-23-CR-0006457-2013,2,Probation,12/16/2013,1 Year,County Regular Probation,,0,0,0,0,1,0,0,0,,"Pagano, George A."
CP-23-CR-0006457-2013,2,Confinement,8/2/2018,6-12 Months,State,2/6/2015,0,6,0,0,0,12,0,0,,"Coll, Michael F."
CP-23-CR-0006508-1986,7,No Further Penalty,12/17/2019,,,,,,,,,,,,,"Cappelli, Richard M."
CP-23-CR-0006508-2019,2,Probation,12/10/2019,1 Year,County Regular Probation,,0,0,0,0,1,0,0,0,,"Coll, Michael F."
CP-23-CR-0006508-2019,3,Confinement,12/10/2019,Other,County Jail,,0,0,0,0,0,23,0,0,,"Coll, Michael F."
CP-23-CR-0006508-2019,4,Probation,12/10/2019,1 Year,County Regular Probation,,0,0,0,0,1,0,0,0,,"Coll, Michael F."
CP-23-CR-0006747-2019,1,Confinement,1/22/2020,Other,County Jail,,0,0,0,0,0,23,0,0,,"Brennan, Mary Alice"
CP-23-CR-0006747-2019,2,Merged,1/22/2020,,,,,,,,,,,,,"Brennan, Mary Alice"
CP-23-CR-0006747-2019,3,Merged,1/22/2020,,,,,,,,,,,,,"Brennan, Mary Alice"
CP-23-CR-0006766-2018,2,Confinement,2/10/2020,Other,County Jail,,0,0,0,0,0,6,0,0,,"Mallon, Gregory M."
CP-23-CR-0006766-2018,5,Probation,2/10/2020,6 Months,County Regular Probation,,0,0,0,0,0,6,0,0,,"Mallon, Gregory M."
CP-23-CR-0006766-2018,5,No Further Penalty,11/23/2021,,,,,,,,,,,,,"Pileggi, Dominic F."
CP-23-CR-0006832-2019,1,Confinement,7/26/2021,Other,County Jail,,0,0,0,0,0,23,0,0,,"Brennan, Mary Alice"
CP-23-CR-0006855-2019,1,Confinement,12/4/2020,9-23 Months,County Jail,,0,9,0,0,0,23,0,0,,"Osborne, Ann"
CP-23-CR-0006855-2019,1,Probation,12/4/2020,3 Years,County Regular Probation,,0,0,0,0,3,0,0,0,,"Osborne, Ann"
CP-23-CR-0006880-2018,1,Confinement,6/26/2019,Other,County Jail,,0,0,0,0,0,12,0,0,,"Coll, Michael F."
CP-23-CR-0006880-2018,1,No Further Penalty,9/17/2021,,,,,,,,,,,,,"Kelly, Kevin F."
CP-23-CR-0006880-2018,2,Probation,6/26/2019,1 Year,County Regular Probation,,0,0,0,0,1,0,0,0,,"Coll, Michael F."
CP-23-CR-0006880-2018,3,Probation,6/26/2019,1 Year,County Regular Probation,,0,0,0,0,1,0,0,0,,"Coll, Michael F."
CP-23-CR-0006880-2018,3,Probation,9/17/2021,1 Year,County Regular Probation,,0,0,0,0,1,0,0,0,,"Kelly, Kevin F."
CP-23-CR-0006880-2018,4,Probation,6/26/2019,1 Year,County Regular Probation,,0,0,0,0,1,0,0,0,,"Coll, Michael F."
CP-23-CR-0006880-2018,4,No Further Penalty,9/17/2021,,,,,,,,,,,,,"Kelly, Kevin F."
CP-23-CR-0006899-2013,1,Confinement,3/10/2014,Other,State,,0,9,0,0,0,24,0,0,,"Coll, Michael F."
CP-23-CR-0006899-2013,2,Probation,3/10/2014,6 Months,County Regular Probation,,0,0,0,0,0,6,0,0,,"Coll, Michael F."
CP-23-CR-0006955-2019,1,Confinement,12/12/2019,Other,County Jail,,0,0,0,0,0,12,0,0,,"Hazel, Frank T."
CP-23-CR-0006966-2005,6,No Further Penalty,9/8/2022,,,,,,,,,,,,,"Bradley, James P."
CP-23-CR-0006977-2017,1,Confinement,12/7/2017,Other,County Jail,,0,0,0,0,0,12,0,0,,"Durham, Kathrynann W."
CP-23-CR-0006977-2017,2,Probation,12/7/2017,1 Year,County Regular Probation,,0,0,0,0,1,0,0,0,,"Durham, Kathrynann W."
CP-23-CR-0006977-2017,3,Confinement,12/7/2017,Other,County Jail,,0,0,0,0,0,12,0,0,,"Durham, Kathrynann W."
CP-23-CR-0006978-2018,1,Probation,7/8/2020,1 Year,County Regular Probation,,0,0,0,0,1,0,0,0,,"Kelly, Kevin F."
CP-23-CR-0007065-2019,2,Probation,7/26/2021,1 Year,County Regular Probation,,0,0,0,0,1,0,0,0,,"Brennan, Mary Alice"
CP-23-CR-0007321-2017,2,Confinement,4/25/2018,Other,County Jail,,0,0,0,0,0,23,0,0,,"Scanlon, Anthony D."
CP-23-CR-0007321-2017,2,Confinement,2/14/2020,Other,County Jail,,0,0,0,0,0,0,559,0,,"Scanlon, Anthony D."
CP-23-CR-0007335-2016,2,Probation,2/23/2017,2 Years,County Regular Probation,,0,0,0,0,2,0,0,0,,"Bradley, James P."
CP-23-CR-0007407-2019,4,Probation,8/14/2020,2 Years,County Regular Probation,,0,0,0,0,2,0,0,0,,"Pileggi, Dominic F."
CP-23-CR-0007407-2019,9,Probation,8/14/2020,2 Years,County Regular Probation,,0,0,0,0,2,0,0,0,,"Pileggi, Dominic F."
CP-23-CR-0007493-2017,1,Confinement,9/25/2019,Other,State,,0,78,0,0,0,156,0,0,,"Coll, Michael F."
CP-23-CR-0007493-2017,2,Confinement,9/25/2019,Other,State,,0,102,0,0,0,204,0,0,,"Coll, Michael F."
CP-23-CR-0007604-2018,1,Confinement,7/2/2019,3-12 Months,County Jail,,0,3,0,0,0,12,0,0,,"Coll, Michael F."
CP-23-CR-0007635-2014,1,IPP,12/18/2014,2 Years,IPP,,0,0,0,0,0,24,0,0,,"Coll, Michael F."
CP-23-CR-0007635-2014,1,Probation,2/19/2015,2 Years,County Regular Probation,,0,0,0,0,2,0,0,0,,"Coll, Michael F."
CP-23-CR-0007635-2014,1,Probation,8/22/2018,1 Year,County Regular Probation,,0,0,0,0,1,0,0,0,,"Coll, Michael F."
CP-23-CR-0007635-2014,4,IPP,12/18/2014,2 Years,IPP,,0,0,0,0,0,24,0,0,,"Coll, Michael F."
CP-23-CR-0007635-2014,4,Probation,2/19/2015,2 Years,County Regular Probation,,0,0,0,0,2,0,0,0,,"Coll, Michael F."
CP-23-CR-0007635-2014,4,Probation,8/22/2018,1 Year,County Regular Probation,,0,0,0,0,1,0,0,0,,"Coll, Michael F."
CP-23-CR-0007635-2014,11,IPP,12/18/2014,2 Years,IPP,,0,0,0,0,0,24,0,0,,"Coll, Michael F."
CP-23-CR-0007635-2014,11,Probation,2/19/2015,2 Years,County Regular Probation,,0,0,0,0,2,0,0,0,,"Coll, Michael F."
CP-23-CR-0007635-2014,11,Probation,8/22/2018,1 Year,County Regular Probation,,0,0,0,0,1,0,0,0,,"Coll, Michael F."
CP-23-CR-0007635-2014,23,IPP,12/18/2014,2 Years,IPP,,0,0,0,0,0,24,0,0,,"Coll, Michael F."
CP-23-CR-0007635-2014,23,Probation,2/19/2015,2 Years,County Regular Probation,,0,0,0,0,2,0,0,0,,"Coll, Michael F."
CP-23-CR-0007635-2014,23,Probation,8/22/2018,1 Year,County Regular Probation,,0,0,0,0,1,0,0,0,,"Coll, Michael F."
CP-23-CR-0007663-2017,1,Probation,1/8/2019,1 Year,County Regular Probation,,0,0,0,0,1,0,0,0,,"Coll, Michael F."
CP-23-CR-0007734-2013,1,Probation,2/23/2017,3 Years,State (PBPP) Regular Probation,,0,0,0,0,3,0,0,0,,"Bradley, James P."
CP-23-CR-0007734-2013,2,No Further Penalty,2/23/2017,,,,,,,,,,,,,"Bradley, James P."
CP-23-CR-0007968-2014,1,Confinement,6/8/2018,Other,County Jail,,0,0,0,0,0,0,462,0,,"Brennan, Mary Alice"
CP-28-CR-0000157-2020,2,IPP,2/12/2020,Other,RIP,2/12/2020,0,12,0,0,0,12,0,0,,"Krom, Angela R."
CP-36-CR-0000662-2021,1,Confinement,4/26/2021,Time Served (0) to 23 months,County Jail,,0,0,0,0,0,23,0,0,,"Spahn, Merrill M."
CP-36-CR-0000662-2021,1,Probation,4/26/2021,2 years,County Regular Probation,,2,0,0,0,2,0,0,0,,"Spahn, Merrill M."
CP-36-CR-0000662-2021,2,No Further Penalty,4/26/2021,,,,,,,,,,,,,"Spahn, Merrill M."
CP-36-CR-0000662-2021,3,No Further Penalty,4/26/2021,,,,,,,,,,,,,"Spahn, Merrill M."
CP-36-CR-0000662-2021,4,No Further Penalty,4/26/2021,,,,,,,,,,,,,"Spahn, Merrill M."
CP-36-CR-0001725-2020,1,Confinement,8/4/2022,5 years to 10 years,State,3/9/2020,5,0,0,0,10,0,0,0,,"Reinaker, Dennis E."
CP-36-CR-0001725-2020,2,Probation,8/4/2022,Other,State (PBPP) Regular Probation,,10,0,0,0,10,0,0,0,,"Reinaker, Dennis E."
CP-36-CR-0004263-2020,1,Confinement,6/16/2022,Time Served (0) to 23 months,County Jail,,0,0,0,0,0,23,0,0,,"Reinaker, Dennis E."
CP-36-CR-0004263-2020,1,Probation,6/16/2022,1 year,County Regular Probation,,1,0,0,0,1,0,0,0,,"Reinaker, Dennis E."
CP-36-CR-0004263-2020,2,Confinement,6/16/2022,Time Served (0) to 23 months,County Jail,,0,0,0,0,0,23,0,0,,"Reinaker, Dennis E."
CP-36-CR-0004263-2020,2,Probation,6/16/2022,1 year,County Regular Probation,,1,0,0,0,1,0,0,0,,"Reinaker, Dennis E."
CP-46-CR-0000415-2019,2,Probation,4/5/2021,Other,County Regular Probation,4/5/2021,0,6,0,0,0,6,0,0,,"Demchick-Alloy, Wendy"
CP-46-CR-0004180-2018,1,Probation,1/16/2019,Other,County Regular Probation,,5,0,0,0,5,0,0,0,,"Tolliver, Steven C."
CP-46-CR-0004180-2018,107,Probation,1/16/2019,Other,County Regular Probation,,5,0,0,0,5,0,0,0,,"Tolliver, Steven C."
CP-46-CR-0004496-2016,3,Probation,4/5/2021,Other,County Regular Probation,,1,0,0,0,1,0,0,0,,"Demchick-Alloy, Wendy"
CP-46-CR-0006939-2018,1,Probation,1/16/2019,Other,County Regular Probation,,5,0,0,0,5,0,0,0,,"Tolliver, Steven C."
CP-46-CR-0006939-2018,16,Probation,1/16/2019,Other,County Regular Probation,,5,0,0,0,5,0,0,0,,"Tolliver, Steven C."
CP-48-CR-0001716-2019,1,Confinement,8/2/2022,Other,County Jail,8/2/2022,0,11,0,0,0,23,0,0,,"Beltrami, Anthony S."
CP-48-CR-0001716-2019,1,Probation,8/2/2022,Other,County Regular Probation,8/2/2022,0,37,0,0,0,37,0,0,,"Beltrami, Anthony S."
CP-48-CR-0001790-2017,11,Confinement,6/23/2020,Other,County Jail,6/23/2020,0,11,28,0,0,23,29,0,,"Koury, Michael J. Jr."
CP-48-CR-0001790-2017,11,Probation,6/23/2020,Other,County Regular Probation,,5,0,0,0,5,0,0,0,,"Koury, Michael J. Jr."
CP-48-CR-0002273-2019,3,Probation,6/12/2020,Other,County Regular Probation,6/12/2020,0,12,0,0,0,12,0,0,,"Murray, Samuel P."
CP-48-CR-0002273-2019,4,Probation,6/12/2020,Other,County Regular Probation,6/12/2020,0,12,0,0,0,12,0,0,,"Murray, Samuel P."
CP-51-CR-0001866-2017,1,Probation,7/30/2019,3 years,County Regular Probation,,0,0,0,0,3,0,0,0,,"Coleman, Robert P."
CP-51-CR-0001866-2017,2,Confinement,7/30/2019,11 1/2 - 23 months,County Jail,7/30/2019,0,11,15,0,0,23,0,0,,"Coleman, Robert P."
CP-51-CR-0001866-2017,2,Probation,7/30/2019,3 years,County Regular Probation,,0,0,0,0,3,0,0,0,,"Coleman, Robert P."
CP-51-CR-0006847-2015,2,Confinement,8/29/2019,11 1/2 - 23 months,County Jail,8/29/2019,0,11,15,0,0,23,0,0,,"Ransom, Lillian"
CP-51-CR-0006847-2015,2,Probation,8/29/2019,5 years,County Regular Probation,8/29/2019,0,0,0,0,5,0,0,0,,"Ransom, Lillian"
CP-51-CR-0006847-2015,4,Confinement,8/29/2019,11 1/2 - 23 months,County Jail,,0,11,15,0,0,23,0,0,,"Ransom, Lillian"
CP-51-CR-0006847-2015,4,Probation,8/29/2019,3 years,County Regular Probation,,0,0,0,0,3,0,0,0,,"Ransom, Lillian"
CP-51-CR-0006861-2015,4,Probation,8/29/2019,2 years,County Regular Probation,8/29/2019,0,0,0,0,2,0,0,0,,"Ransom, Lillian"
CP-51-CR-0010553-2011,1,Confinement,12/5/2018,1 1/2 - 3 years,State,12/5/2018,1,6,0,0,3,0,0,0,,"Coleman, Robert P."
CP-51-CR-0010553-2011,1,Probation,12/5/2018,5 years,County Regular Probation,,0,0,0,0,5,0,0,0,,"Coleman, Robert P."
CP-53-CR-0000346-2019,1,Probation,3/22/2022,Other,County Regular Probation,,0,42,0,0,0,42,0,0,,"Leete, John B."
CP-58-CR-0000264-2016,3,Probation,11/9/2017,Other,Informal Adjustment,,0,24,0,0,0,24,0,0,,"Legg, Jason J."
CP-65-CR-0000414-2018,1,Probation,12/17/2019,Five Years,County Regular Probation,,0,0,0,0,5,0,0,0,,"Krieger, Timothy"
CP-65-CR-0000414-2018,2,Merged,12/17/2019,,,,,,,,,,,,,"Krieger, Timothy"
CP-65-CR-0000414-2018,3,Confinement,12/17/2019,2 - 4 Years,State,12/17/2019,2,0,0,0,4,0,0,0,,"Krieger, Timothy"
CP-65-CR-0000414-2018,4,No Further Penalty,12/17/2019,,,,,,,,,,,,,"Krieger, Timothy"
CP-65-CR-0000414-2018,5,No Further Penalty,12/17/2019,,,,,,,,,,,,,"Krieger, Timothy"
CP-65-CR-0000414-2018,6,No Further Penalty,12/17/2019,,,,,,,,,,,,,"Krieger, Timothy"
CP-65-CR-0000414-2018,7,Merged,12/17/2019,,,,,,,,,,,,,"Krieger, Timothy"
CP-65-CR-0000414-2018,8,No Further Penalty,12/17/2019,,,,,,,,,,,,,"Krieger, Timothy"
CP-65-CR-0001151-2020,2,No Further Penalty,8/2/2022,,,,,,,,,,,,,"Feliciani, Christopher A."
CP-65-CR-0002287-2020,1,Confinement,10/28/2020,Other,County Jail,,0,0,0,0,0,23,0,0,,"Mears, Scott O."
CP-65-CR-0002287-2020,1,Probation,10/28/2020,Three Years,County Regular Probation,,0,0,0,0,3,0,0,0,,"Mears, Scott O."
CP-65-CR-0004183-2021,2,Confinement,4/27/2022,11 1/2 - 23 Months,County Jail,,0,11,15,0,0,23,0,0,,"Mears, Scott O."
CP-67-CR-0006534-2016,7,Probation,4/27/2021,5 years,State (PBPP) Regular Probation,4/27/2021,5,0,0,0,5,0,0,0,,"Musti Cook, Maria"
CP-67-CR-0007924-2016,1,Probation,4/27/2021,5 years,State (PBPP) Regular Probation,,5,0,0,0,5,0,0,0,,"Musti Cook, Maria"